,freq,epsilon_r,epsilon_i
0,75000000000.0,2.178565169964989,0.0
1,75025000000.0,2.1771606610938132,0.0
2,75050000000.0,2.1758226428313656,0.0
3,75075000000.0,2.1745508140852445,0.0
4,75100000000.0,2.1733448065115097,0.0
5,75125000000.0,2.172204185192318,0.0
6,75150000000.0,2.171128449354318,0.0
7,75175000000.0,2.170117033245293,0.0
8,75200000000.0,2.169169307076892,0.0
9,75225000000.0,2.1682845781468694,0.0
10,75250000000.0,2.1674620920091496,0.0
11,75275000000.0,2.16670103375267,0.0
12,75300000000.0,2.1660005294122713,0.0
13,75325000000.0,2.165359647483683,0.0
14,75350000000.0,2.1647774004695237,0.0
15,75375000000.0,2.164252746595276,0.0
16,75400000000.0,2.163784591567357,0.0
17,75425000000.0,2.1633717904271417,0.0
18,75450000000.0,2.1630131494803817,0.0
19,75475000000.0,2.1627074282963696,0.0
20,75500000000.0,2.16245334181753,0.0
21,75525000000.0,2.162249562463641,0.0
22,75550000000.0,2.162094722359268,0.0
23,75575000000.0,2.1619874155807204,0.0
24,75600000000.0,2.161926200486304,0.0
25,75625000000.0,2.1619096020682997,0.0
26,75650000000.0,2.1619361143347446,0.0
27,75675000000.0,2.1620042027808433,0.0
28,75700000000.0,2.1621123068123818,0.0
29,75725000000.0,2.1622588422893423,0.0
30,75750000000.0,2.162442204003572,0.0
31,75775000000.0,2.1626607682199284,0.0
32,75800000000.0,2.162912895219134,0.0
33,75825000000.0,2.163196931856791,0.0
34,75850000000.0,2.1635112141070683,0.0
35,75875000000.0,2.163854069602104,0.0
36,75900000000.0,2.1642238201819866,0.0
37,75925000000.0,2.1646187844141487,0.0
38,75950000000.0,2.1650372801196798,0.0
39,75975000000.0,2.1654776268262528,0.0
40,76000000000.0,2.165938148280588,0.0
41,76025000000.0,2.1664171748451224,0.0
42,76050000000.0,2.166913045924742,0.0
43,76075000000.0,2.1674241122988875,0.0
44,76100000000.0,2.167948738476016,0.0
45,76125000000.0,2.1684853049649093,0.0
46,76150000000.0,2.169032210496133,0.0
47,76175000000.0,2.1695878742139483,0.0
48,76200000000.0,2.170150737794564,0.0
49,76225000000.0,2.170719267515973,0.0
50,76250000000.0,2.1712919562886155,0.0
51,76275000000.0,2.1718673255622254,0.0
52,76300000000.0,2.1724439272668516,0.0
53,76325000000.0,2.1730203455771617,0.0
54,76350000000.0,2.1735951986965203,0.0
55,76375000000.0,2.174167140497698,0.0
56,76400000000.0,2.1747348621809888,0.0
57,76425000000.0,2.1752970937521328,0.0
58,76450000000.0,2.175852605481436,0.0
59,76475000000.0,2.1764002093212285,0.0
60,76500000000.0,2.176938760135572,0.0
61,76525000000.0,2.177467156972474,0.0
62,76550000000.0,2.1779843441551634,0.0
63,76575000000.0,2.178489312341597,0.0
64,76600000000.0,2.1789810995031167,0.0
65,76625000000.0,2.179458791763853,0.0
66,76650000000.0,2.17992152424392,0.0
67,76675000000.0,2.180368481712869,0.0
68,76700000000.0,2.1807988992355782,0.0
69,76725000000.0,2.181212062685556,0.0
70,76750000000.0,2.181607309203341,0.0
71,76775000000.0,2.181984027507494,0.0
72,76800000000.0,2.1823416581928,0.0
73,76825000000.0,2.1826796938718043,0.0
74,76850000000.0,2.182997679261512,0.0
75,76875000000.0,2.1833294165529633,0.00045117315104749854
76,76900000000.0,2.183645711253035,0.0009749307967502408
77,76925000000.0,2.1839412616591507,0.0015054674924970099
78,76950000000.0,2.1842157692631736,0.0020421605272556488
79,76975000000.0,2.18446898585369,0.0025843687207915754
80,77000000000.0,2.1847007131864,0.003131434252787684
81,77025000000.0,2.184910802612961,0.003682684563583583
82,77050000000.0,2.185099154566048,0.004237434239786082
83,77075000000.0,2.18526571801138,0.004794987044202803
84,77100000000.0,2.185410489777015,0.00535463790297911
85,77125000000.0,2.1855335137923757,0.005915674979165504
86,77150000000.0,2.1856348802751038,0.006477381751228941
87,77175000000.0,2.1857147247922337,0.007039039139454981
88,77200000000.0,2.185773227254216,0.007599927613936691
89,77225000000.0,2.185810610869069,0.008159329306402738
90,77250000000.0,2.185827140903754,0.00871653017246026
91,77275000000.0,2.1858231234941568,0.009270822069523642
92,77300000000.0,2.1857989042922803,0.00982150488427272
93,77325000000.0,2.18575486707999,0.010367888576966905
94,77350000000.0,2.185691432276634,0.010909295255314965
95,77375000000.0,2.1856090554145315,0.011445061140400087
96,77400000000.0,2.185508225514612,0.011974538551937286
97,77425000000.0,2.1853894634379234,0.012497097779993178
98,77450000000.0,2.185253320127882,0.013012128949326166
99,77475000000.0,2.1851003748186617,0.013519043775738529
100,77500000000.0,2.1849312332132755,0.01401727725999202
101,77525000000.0,2.184746525600168,0.014506289306686324
102,77550000000.0,2.184546904879124,0.014985566259607709
103,77575000000.0,2.184333044630594,0.01545462233658379
104,77600000000.0,2.184105637100457,0.015913000949522596
105,77625000000.0,2.1838653911515715,0.0163602759839511
106,77650000000.0,2.1836130302265864,0.016796052909410098
107,77675000000.0,2.1833492902488216,0.01721996979205414
108,77700000000.0,2.1830749175440824,0.01763169823048245
109,77725000000.0,2.1827906667480987,0.0180309441391162
110,77750000000.0,2.1824972986984235,0.01841744842266989
111,77775000000.0,2.1821955783401465,0.018790987547454712
112,77800000000.0,2.1818862726508,0.019151373959390358
113,77825000000.0,2.181570148541202,0.01949845641132341
114,77850000000.0,2.181247970849246,0.019832120144815918
115,77875000000.0,2.1809205002668484,0.020152286963535437
116,77900000000.0,2.180588491388422,0.020458915195227263
117,77925000000.0,2.1802526907366184,0.02075199946649705
118,77950000000.0,2.179913834854556,0.02103157047205538
119,77975000000.0,2.1795726484501774,0.02129769452189902
120,78000000000.0,2.179229842570086,0.02155047302106777
121,78025000000.0,2.1788861128562416,0.02179004184815754
122,78050000000.0,2.1785421378605982,0.022016570577118352
123,78075000000.0,2.1781985774243773,0.02223026167041768
124,78100000000.0,2.1778560711112784,0.0224313494591228
125,78125000000.0,2.177515236738416,0.022620099160345918
126,78150000000.0,2.177176668980398,0.02279680569284206
127,78175000000.0,2.176840938054816,0.02296179245596209
128,78200000000.0,2.176508588482045,0.023115410021413017
129,78225000000.0,2.1761801379312304,0.02325803474497308
130,78250000000.0,2.1758560761975807,0.023390067304672087
131,78275000000.0,2.175536864210065,0.02351193117408513
132,78300000000.0,2.1752229331643744,0.023624071041249382
133,78325000000.0,2.174914683771603,0.023726951166032764
134,78350000000.0,2.1746124855457745,0.023821053719194338
135,78375000000.0,2.174316676236141,0.023906877012012256
136,78400000000.0,2.174027561363714,0.023984933776413867
137,78425000000.0,2.173745413791705,0.024055749363738683
138,78450000000.0,2.173470473452324,0.024119859921019025
139,78475000000.0,2.173202947179949,0.02417781058862029
140,78500000000.0,2.172943008566788,0.02423015362512694
141,78525000000.0,2.1726907979881727,0.0242774465998248
142,78550000000.0,2.172446422668992,0.0243202505255387
143,78575000000.0,2.1722099569038997,0.02435912803598485
144,78600000000.0,2.1719814422768846,0.02439464157068771
145,78625000000.0,2.1717608880556334,0.02442735153505655
146,78650000000.0,2.171548271647432,0.024457814566936367
147,78675000000.0,2.171343539070929,0.024486581731503358
148,78700000000.0,2.171146605635648,0.024514196841827228
149,78725000000.0,2.170957356586423,0.02454119476116021
150,78750000000.0,2.170775647880783,0.024568099747926564
151,78775000000.0,2.170601307010344,0.024595423879710837
152,78800000000.0,2.170434133939829,0.02462366547916429
153,78825000000.0,2.170273902043479,0.02465330766579069
154,78850000000.0,2.170120359162333,0.024684816889153072
155,78875000000.0,2.1699732286768803,0.024718641562430945
156,78900000000.0,2.1698322106792745,0.0247552107466765
157,78925000000.0,2.169696983152096,0.024794932936434286
158,78950000000.0,2.169567203237,0.024838194853823214
159,78975000000.0,2.16944250853076,0.024885360365605364
160,79000000000.0,2.1693225184145044,0.02493676946605001
161,79025000000.0,2.1692068354223992,0.02499273731139596
162,79050000000.0,2.1690950466470578,0.025053553365132045
163,79075000000.0,2.1689867252222994,0.02511948058917864
164,79100000000.0,2.1688814317185323,0.025190754738831454
165,79125000000.0,2.168778715696374,0.025267583778351897
166,79150000000.0,2.1686781171594585,0.02535014726481399
167,79175000000.0,2.1685791681179585,0.025438595956306837
168,79200000000.0,2.168481394097544,0.025533051402208882
169,79225000000.0,2.168384315684332,0.025633605684583945
170,79250000000.0,2.168287450081809,0.025740321180086533
171,79275000000.0,2.168190312629458,0.02585323048096181
172,79300000000.0,2.1680924183758257,0.025972336341773296
173,79325000000.0,2.1679932835984252,0.026097611754417216
174,79350000000.0,2.167892427304731,0.026229000073406526
175,79375000000.0,2.1677893727809288,0.02636641524654494
176,79400000000.0,2.167683649068834,0.026509742118281585
177,79425000000.0,2.1675747923979616,0.026658836829245698
178,79450000000.0,2.1674623476872723,0.02681352728669852
179,79475000000.0,2.1673458699378303,0.02697361368855224
180,79500000000.0,2.1672249255925755,0.027138869189741448
181,79525000000.0,2.1670990939205086,0.02730904056411351
182,79550000000.0,2.1669679683074143,0.027483849013929487
183,79575000000.0,2.1668311575353485,0.027662991002576683
184,79600000000.0,2.1666882869974007,0.02784613917191708
185,79625000000.0,2.1665389998719395,0.0280329433130186
186,79650000000.0,2.1663829582725342,0.02822303143941347
187,79675000000.0,2.1662198442926517,0.02841601087325778
188,79700000000.0,2.166049361040884,0.028611469429849132
189,79725000000.0,2.1658712335703467,0.028808976601532005
190,79750000000.0,2.165685209822417,0.02900808486951516
191,79775000000.0,2.1654910614216605,0.029208331003237532
192,79800000000.0,2.165288584457944,0.029409237425393333
193,79825000000.0,2.165077600164404,0.029610313606870924
194,79850000000.0,2.1648579555912115,0.02981105753594418
195,79875000000.0,2.164629524110205,0.030010957144197777
196,79900000000.0,2.164392205932439,0.030209491860295663
197,79925000000.0,2.1641459285071774,0.030406134078216417
198,79950000000.0,2.1638906468423538,0.030600350755954263
199,79975000000.0,2.1636263437785943,0.030791604936344467
200,80000000000.0,2.163353030147145,0.0309793573396881
201,80025000000.0,2.163070744889158,0.031163067924039937
202,80050000000.0,2.1627795550426496,0.03134219747099711
203,80075000000.0,2.16247955569752,0.031516209168899474
204,80100000000.0,2.1621708698615243,0.031684570164365065
205,80125000000.0,2.1618536482172117,0.03184675313454929
206,80150000000.0,2.1615280688469083,0.032002237813019516
207,80175000000.0,2.1611943368223248,0.032150512504444215
208,80200000000.0,2.1608526837771205,0.03229107559989298
209,80225000000.0,2.1605033673463936,0.03242343699281647
210,80250000000.0,2.160146670570761,0.0325471195519212
211,80275000000.0,2.1597829012308707,0.032661660481762514
212,80300000000.0,2.159412391049069,0.03276661266974422
213,80325000000.0,2.1590354949157784,0.032861545974996464
214,80350000000.0,2.158652589974676,0.03294604847423351
215,80375000000.0,2.158264074661096,0.03301972767035875
216,80400000000.0,2.1578703677021442,0.03308221158907208
217,80425000000.0,2.157471907042631,0.03313314986078529
218,80450000000.0,2.15706914871391,0.0331722147311262
219,80475000000.0,2.1566625656351963,0.033199101977601495
220,80500000000.0,2.1562526464230527,0.03321353177860208
221,80525000000.0,2.1558398940826917,0.033215249506350616
222,80550000000.0,2.155424824730756,0.033204026428730035
223,80575000000.0,2.155007966210915,0.03317966035741305
224,80600000000.0,2.154589856754829,0.03314197618758556
225,80625000000.0,2.1541710435386894,0.033090826399522225
226,80650000000.0,2.153752081290633,0.033026091417109445
227,80675000000.0,2.1533335308204777,0.032947679949098016
228,80700000000.0,2.1529159575615835,0.032855529195430014
229,80725000000.0,2.1524999301280783,0.03274960501525225
230,80750000000.0,2.1520860188212856,0.03262990197461711
231,80775000000.0,2.151674794159568,0.032496443326414486
232,80800000000.0,2.1512668254358207,0.032349280920850355
233,80825000000.0,2.15086267923202,0.03218849501085848
234,80850000000.0,2.1504629180033743,0.03201419400769513
235,80875000000.0,2.1500680986463103,0.031826514120557765
236,80900000000.0,2.1496787711167347,0.031625618973319065
237,80925000000.0,2.1492954770326707,0.031411699096394616
238,80950000000.0,2.148918748362361,0.03118497136997618
239,80975000000.0,2.148549106113763,0.030945678411347325
240,81000000000.0,2.148187059072963,0.0306940878632246
241,81025000000.0,2.1478331025718447,0.03043049166295535
242,81050000000.0,2.1474877173433025,0.030155205206451964
243,81075000000.0,2.147151368357752,0.029868566485931988
244,81100000000.0,2.1468245038023515,0.029570935182802675
245,81125000000.0,2.146507553997945,0.029262691660713238
246,81150000000.0,2.1462009305092105,0.02894423597596693
247,81175000000.0,2.1459050251935343,0.02861598681581248
248,81200000000.0,2.1456202093857386,0.028278380386356668
249,81225000000.0,2.145346833119114,0.02793186927795156
250,81250000000.0,2.145085224416297,0.02757692133451295
251,81275000000.0,2.1448356886336724,0.027214018422563286
252,81300000000.0,2.144598507901823,0.026843655260813355
253,81325000000.0,2.144373940609066,0.026466338154566067
254,81350000000.0,2.1441622209399727,0.02608258376801394
255,81375000000.0,2.1439635585324384,0.025692917880640983
256,81400000000.0,2.1437781381464482,0.02529787410094754
257,81425000000.0,2.1436061194553746,0.024897992629890203
258,81450000000.0,2.1434476368361826,0.024493818950228584
259,81475000000.0,2.143302799297296,0.024085902620550582
260,81500000000.0,2.143171690432328,0.02367479597889811
261,81525000000.0,2.1430543684597883,0.02326105290639136
262,81550000000.0,2.1429508662917263,0.022845227603784924
263,81575000000.0,2.1428611916985862,0.022427873377494512
264,81600000000.0,2.142785327536059,0.022009541424482717
265,81625000000.0,2.1427232320287564,0.021590779686406703
266,81650000000.0,2.142674839050448,0.021172131670541255
267,81675000000.0,2.142640058581607,0.020754135359537386
268,81700000000.0,2.1426187771151866,0.02033732207779556
269,81725000000.0,2.1426108581479872,0.019922215476064355
270,81750000000.0,2.1426161427469785,0.01950933046165749
271,81775000000.0,2.1426344501260632,0.019099172235070176
272,81800000000.0,2.142665578268068,0.0186922353172624
273,81825000000.0,2.142709304645432,0.018289002638474324
274,81850000000.0,2.142765386894725,0.017889944674081806
275,81875000000.0,2.1428335636040416,0.017495518588678073
276,81900000000.0,2.142913555084156,0.017106167461445197
277,81925000000.0,2.1430050642088823,0.016722319524660644
278,81950000000.0,2.1431077772430327,0.016344387478892098
279,81975000000.0,2.1432213647624088,0.015972767821723154
280,82000000000.0,2.1433454825191296,0.015607840231331766
281,82025000000.0,2.1434797724020727,0.015249967023722284
282,82050000000.0,2.1436238633559794,0.014899492618207425
283,82075000000.0,2.143777372370973,0.01455674307673184
284,82100000000.0,2.1439399054441552,0.014222025680345281
285,82125000000.0,2.1441110585778644,0.01389562855367225
286,82150000000.0,2.1442904187662464,0.013577820342714484
287,82175000000.0,2.144477565033017,0.013268849941858582
288,82200000000.0,2.1446720694088137,0.0129689462688039
289,82225000000.0,2.1448734979577244,0.012678318062100949
290,82250000000.0,2.1450814118018022,0.012397153778529091
291,82275000000.0,2.145295368107738,0.012125621476693351
292,82300000000.0,2.1455149211186884,0.011863868794360202
293,82325000000.0,2.1457396231258854,0.011612022962553608
294,82350000000.0,2.1459690254902077,0.011370190814655684
295,82375000000.0,2.146202679580735,0.0111384589363835
296,82400000000.0,2.1464401377833475,0.010916893767690674
297,82425000000.0,2.146680954415084,0.01070554179425441
298,82450000000.0,2.1469246866625173,0.010504429782216182
299,82475000000.0,2.147170895523081,0.010313565009875493
300,82500000000.0,2.1474191466615413,0.010132935607272495
301,82525000000.0,2.1476690112914127,0.009962510881138134
302,82550000000.0,2.14792006702967,0.009802241699240512
303,82575000000.0,2.1481718986984077,0.00965206089662238
304,82600000000.0,2.1484240991370003,0.009511883737049365
305,82625000000.0,2.148676269958089,0.009381608389233
306,82650000000.0,2.1489280222610265,0.009261116465099835
307,82675000000.0,2.1491789773568524,0.009150273523794394
308,82700000000.0,2.14942876742634,0.009048929674968936
309,82725000000.0,2.149677036161992,0.00895692018840282
310,82750000000.0,2.1499234393521207,0.008874066119272885
311,82775000000.0,2.150167645444205,0.008800174923079232
312,82800000000.0,2.1504093361046808,0.008735041199597705
313,82825000000.0,2.150648206658962,0.008678447333838955
314,82850000000.0,2.150883966576212,0.008630164222814811
315,82875000000.0,2.1511163398573983,0.008589952031427525
316,82900000000.0,2.1513450654262143,0.008557560922585524
317,82925000000.0,2.1515698974404938,0.008532731818974336
318,82950000000.0,2.151790605605895,0.008515197172865998
319,82975000000.0,2.152006975403692,0.008504681774061886
320,83000000000.0,2.1522188083038944,0.00850090349746003
321,83025000000.0,2.152425921939245,0.008503574163186286
322,83050000000.0,2.1526281502272893,0.008512400270327281
323,83075000000.0,2.1528253434484226,0.008527083853074453
324,83100000000.0,2.1530173683153127,0.008547323254308094
325,83125000000.0,2.1532041079233792,0.008572813947681323
326,83150000000.0,2.153385461784482,0.008603249321178475
327,83175000000.0,2.1535613456745155,0.008638321489500759
328,83200000000.0,2.15373169157778,0.008677722065575889
329,83225000000.0,2.153896447499048,0.00872114293778832
330,83250000000.0,2.154055577270383,0.008768277057538023
331,83275000000.0,2.1542090603361337,0.008818819156102909
332,83300000000.0,2.154356891474288,0.008872466516011453
333,83325000000.0,2.154499080481904,0.008928919692731432
334,83350000000.0,2.1546356518677867,0.00898788319592463
335,83375000000.0,2.154766644448804,0.009049066194173064
336,83400000000.0,2.1548921109639387,0.009112183172723779
337,83425000000.0,2.1550121176500334,0.00917695458163837
338,83450000000.0,2.155126743754983,0.009243107431683072
339,83475000000.0,2.1552360810531184,0.00931037591875368
340,83500000000.0,2.1553402333508065,0.009378501971228888
341,83525000000.0,2.1554393159084952,0.009447235764846178
342,83550000000.0,2.155533454911656,0.009516336272613665
343,83575000000.0,2.155622786849376,0.009585571706976895
344,83600000000.0,2.1557074579248323,0.009654719981348916
345,83625000000.0,2.1557876234402773,0.009723569115900143
346,83650000000.0,2.155863447138214,0.009791917616661712
347,83675000000.0,2.155935100542981,0.0098595748300563
348,83700000000.0,2.1560027623314384,0.009926361236260992
349,83725000000.0,2.1560666175948136,0.009992108733887596
350,83750000000.0,2.1561268572162664,0.010056660895414557
351,83775000000.0,2.156183677123673,0.010119873137887864
352,83800000000.0,2.1562372776290224,0.010181612917032642
353,83825000000.0,2.156287862713212,0.01024175985257427
354,83850000000.0,2.1563356393350785,0.010300205827709527
355,83875000000.0,2.1563808167197434,0.010356855023142484
356,83900000000.0,2.156423605675145,0.01041162399287489
357,83925000000.0,2.156464217902776,0.010464441581771964
358,83950000000.0,2.1565028653000664,0.010515248948929691
359,83975000000.0,2.1565397593119173,0.010563999442239538
360,84000000000.0,2.156575110241377,0.010610658503453864
361,84025000000.0,2.156609126629328,0.010655203491551364
362,84050000000.0,2.1566420145885585,0.010697623545420979
363,84075000000.0,2.156673977198696,0.010737919331921078
364,84100000000.0,2.1567052139223133,0.010776102828104204
365,84125000000.0,2.1567359199930265,0.01081219702555028
366,84150000000.0,2.156766285863504,0.010846235662395079
367,84175000000.0,2.1567964966858697,0.010878262848954105
368,84200000000.0,2.1568267317716745,0.01090833276852218
369,84225000000.0,2.1568571641022323,0.01093650925268654
370,84250000000.0,2.1568879598773467,0.010962865393277205
371,84275000000.0,2.156919278070026,0.0109874831543728
372,84300000000.0,2.1569512700061835,0.011010452870966723
373,84325000000.0,2.1569840789979957,0.01103187282703096
374,84350000000.0,2.157017839991925,0.011051848765642544
375,84375000000.0,2.157052679223323,0.01107049340871721
376,84400000000.0,2.157088713935905,0.0110879259254142
377,84425000000.0,2.157126052138931,0.011104271429750527
378,84450000000.0,2.157164792348189,0.01111966046544393
379,84475000000.0,2.157205023408085,0.01113422842555963
380,84500000000.0,2.157246824311964,0.011148115058054369
381,84525000000.0,2.157290264079958,0.011161463889895609
382,84550000000.0,2.157335401639965,0.011174421671835449
383,84575000000.0,2.1573822857788483,0.01118713783038111
384,84600000000.0,2.157430955088519,0.011199763929383016
385,84625000000.0,2.157481437941452,0.011212453086470292
386,84650000000.0,2.157533752560955,0.011225359442284102
387,84675000000.0,2.1575879070293724,0.011238637616002524
388,84700000000.0,2.1576438993817937,0.011252442159064912
389,84725000000.0,2.1577017177269084,0.011266927024267038
390,84750000000.0,2.1577613403881557,0.011282245055211186
391,84775000000.0,2.1578227360631157,0.011298547458452858
392,84800000000.0,2.1578858640151606,0.011315983324661218
393,84825000000.0,2.157950674307469,0.011334699106649441
394,84850000000.0,2.1580171080271717,0.011354838190248413
395,84875000000.0,2.1580850975835957,0.011376540412404185
396,84900000000.0,2.158154566970798,0.011399941625252987
397,84925000000.0,2.158225432095505,0.011425173285942716
398,84950000000.0,2.1582976011110704,0.011452362019083891
399,84975000000.0,2.1583709747565534,0.011481629280766887
400,85000000000.0,2.1584454467505587,0.01151309097179453
401,85025000000.0,2.158520904155059,0.011546857074263988
402,85050000000.0,2.1585972277923338,0.011583031377831154
403,85075000000.0,2.158674292644142,0.01162171114073771
404,85100000000.0,2.158751968296001,0.01166298682961722
405,85125000000.0,2.15883011938298,0.01170694188418209
406,85150000000.0,2.158908606004089,0.011753652466844807
407,85175000000.0,2.15898728421481,0.011803187274463348
408,85200000000.0,2.1590660064781217,0.01185560734870933
409,85225000000.0,2.1591446221379806,0.0119109659273457
410,85250000000.0,2.1592229778731484,0.011969308332563513
411,85275000000.0,2.159300918210041,0.012030671835451852
412,85300000000.0,2.1593782859546464,0.012095085603739793
413,85325000000.0,2.1594549227204327,0.01216257062829874
414,85350000000.0,2.159530669359535,0.012233139712931657
415,85375000000.0,2.1596053664612245,0.012306797467611636
416,85400000000.0,2.159678854811228,0.0123835402994942
417,85425000000.0,2.15975097586684,0.012463356490997269
418,85450000000.0,2.159821572190164,0.012546226245159386
419,85475000000.0,2.159890487917029,0.012632121807071576
420,85500000000.0,2.159957569193524,0.01272100751078028
421,85525000000.0,2.160022664603756,0.012812839986950762
422,85550000000.0,2.160085625591476,0.012907568279663635
423,85575000000.0,2.1601463068331133,0.013005134006326616
424,85600000000.0,2.160204566696333,0.013105471608520729
425,85625000000.0,2.1602602675572657,0.013208508500717359
426,85650000000.0,2.1603132761803563,0.013314165348003495
427,85675000000.0,2.160363464090332,0.013422356295987058
428,85700000000.0,2.160410707858296,0.013532989250889124
429,85725000000.0,2.160454889444664,0.013645966146625008
430,85750000000.0,2.1604958964701093,0.0137611832451002
431,85775000000.0,2.160533622512122,0.013878531452065487
432,85800000000.0,2.1605679673354943,0.01399789662198073
433,85825000000.0,2.1605988371377407,0.014119159923326654
434,85850000000.0,2.1606261447557493,0.014242198134898215
435,85875000000.0,2.160649809852765,0.014366884046148557
436,85900000000.0,2.160669759106421,0.014493086776249026
437,85925000000.0,2.16068592632468,0.01462067217690291
438,85950000000.0,2.160698252591984,0.01474950317414841
439,85975000000.0,2.1607066863631714,0.014879440159223925
440,86000000000.0,2.160711183549913,0.015010341365286825
441,86025000000.0,2.1607117075686326,0.015142063258507357
442,86050000000.0,2.160708229378429,0.015274460900432425
443,86075000000.0,2.160700727488578,0.01540738835867346
444,86100000000.0,2.1606891879600623,0.015540699056619584
445,86125000000.0,2.160673604361905,0.015674246168544837
446,86150000000.0,2.160653977711334,0.01580788299279647
447,86175000000.0,2.1606303164269205,0.015941463328050083
448,86200000000.0,2.1606026361969493,0.016074841817088726
449,86225000000.0,2.160570959874815,0.016207874321563863
450,86250000000.0,2.1605353173525907,0.01634041825153362
451,86275000000.0,2.1604957453957696,0.016472332930622675
452,86300000000.0,2.160452287465202,0.016603479902061312
453,86325000000.0,2.1604049935244163,0.016733723241277167
454,86350000000.0,2.160353919838279,0.016862929899393937
455,86375000000.0,2.160299128737796,0.01699096994326705
456,86400000000.0,2.1602406883839853,0.017117716883226018
457,86425000000.0,2.16017867250058,0.017243047895121617
458,86450000000.0,2.1601131601060666,0.01736684411245337
459,86475000000.0,2.1600442352494063,0.017488990819574564
460,86500000000.0,2.159971986685702,0.017609377696906875
461,86525000000.0,2.159896507605365,0.01772789901209549
462,86550000000.0,2.159817895270772,0.017844453795550136
463,86575000000.0,2.1597362507501408,0.017958946030496612
464,86600000000.0,2.1596516785408606,0.01807128476213453
465,86625000000.0,2.1595642862601347,0.018181384262962702
466,86650000000.0,2.1594741842930167,0.0182891641266028
467,86675000000.0,2.1593814854448183,0.0183945493615583
468,86700000000.0,2.1592863046069435,0.018497470458013584
469,86725000000.0,2.1591887583914797,0.01859786344881272
470,86750000000.0,2.1590889648053104,0.018695669958145245
471,86775000000.0,2.1589870428718174,0.018790837188794863
472,86800000000.0,2.1588831123065773,0.018883317941287663
473,86825000000.0,2.1587772931730265,0.01897307059187351
474,86850000000.0,2.15866970554706,0.01906005904687109
475,86875000000.0,2.158560469173579,0.019144252703042486
476,86900000000.0,2.158449703146064,0.019225626357670292
477,86925000000.0,2.158337525600853,0.01930416011830869
478,86950000000.0,2.158224053403282,0.019379839330326082
479,86975000000.0,2.158109401823268,0.019452654422226552
480,87000000000.0,2.157993684302071,0.01952260077883677
481,87025000000.0,2.1578770121043656,0.01958967860453206
482,87050000000.0,2.1577594941329963,0.019653892750834963
483,87075000000.0,2.1576412366172124,0.019715252546536628
484,87100000000.0,2.1575223428937798,0.019773771610682108
485,87125000000.0,2.157402913195204,0.01982946765343133
486,87150000000.0,2.1572830444370354,0.019882362267516357
487,87175000000.0,2.157162830022025,0.01993248072766138
488,87200000000.0,2.1570423596705712,0.019979851744696974
489,87225000000.0,2.15692171925678,0.020024507245261492
490,87250000000.0,2.156800990675425,0.02006648215524985
491,87275000000.0,2.1566802517080257,0.02010581411861803
492,87300000000.0,2.156559575927268,0.0201425432775882
493,87325000000.0,2.156439032593216,0.02017671202033831
494,87350000000.0,2.156318686605785,0.020208364733628224
495,87375000000.0,2.1561985984257404,0.020237547535274784
496,87400000000.0,2.156078824061568,0.020264308031333764
497,87425000000.0,2.155959415031404,0.02028869507554492
498,87450000000.0,2.1558404183837254,0.020310758518777314
499,87475000000.0,2.155721876702544,0.02033054893070784
500,87500000000.0,2.155603828135438,0.020348117405987357
501,87525000000.0,2.15548630647032,0.02036351528965034
502,87550000000.0,2.1553693411603985,0.020376793952600492
503,87575000000.0,2.155252957447286,0.020388004596862148
504,87600000000.0,2.155137176445788,0.020397197984642776
505,87625000000.0,2.155022015238443,0.020404424277280644
506,87650000000.0,2.154907487026679,0.02040973278948451
507,87675000000.0,2.15479360126226,0.02041317183706719
508,87700000000.0,2.154680363779574,0.020414788537830467
509,87725000000.0,2.1545677770073075,0.02041462862441366
510,87750000000.0,2.1544558400836338,0.020412736314057888
511,87775000000.0,2.1543445490852093,0.02040915413886251
512,87800000000.0,2.1542338972079302,0.020403922820792727
513,87825000000.0,2.154123874965567,0.02039708113607812
514,87850000000.0,2.15401447040403,0.020388665825772728
515,87875000000.0,2.1539056693110155,0.020378711465116148
516,87900000000.0,2.1537974554504777,0.020367250418561068
517,87925000000.0,2.153689810782828,0.020354312739330586
518,87950000000.0,2.153582715697016,0.020339926132616436
519,87975000000.0,2.153476149233869,0.020324115894227245
520,88000000000.0,2.153370089343656,0.02030690489942716
521,88025000000.0,2.1532645130839514,0.02028831357687044
522,88050000000.0,2.153159396900138,0.020268359919887492
523,88075000000.0,2.153054716837449,0.020247059480692668
524,88100000000.0,2.152950448748469,0.020224425417493547
525,88125000000.0,2.152846568569661,0.020200468519078328
526,88150000000.0,2.152743052507722,0.020175197251846688
527,88175000000.0,2.152639877281926,0.02014861785689465
528,88200000000.0,2.152537020317417,0.02012073438335157
529,88225000000.0,2.1524344599745966,0.02009154880197229
530,88250000000.0,2.152332175735101,0.02006106111160795
531,88275000000.0,2.152230148393945,0.020029269417246982
532,88300000000.0,2.152128360235525,0.019996170101611987
533,88325000000.0,2.152026795231739,0.019961757898141863
534,88350000000.0,2.1519254391778393,0.01992602607627265
535,88375000000.0,2.1518242798428417,0.019888966563575413
536,88400000000.0,2.151723307135063,0.019850570098342225
537,88425000000.0,2.151622513206636,0.019810826412228963
538,88450000000.0,2.151521892575186,0.019769724378034637
539,88475000000.0,2.1514214422222224,0.019727252192317198
540,88500000000.0,2.151321161702512,0.0196833975439828
541,88525000000.0,2.151221053186147,0.019638147802676427
542,88550000000.0,2.1511211215567942,0.01959149018852012
543,88575000000.0,2.151021374420534,0.01954341199022939
544,88600000000.0,2.1509218221781703,0.019493900704027508
545,88625000000.0,2.150822478009851,0.019442944258154814
546,88650000000.0,2.150723357909033,0.01939053118281658
547,88675000000.0,2.1506244806620214,0.01933665078557353
548,88700000000.0,2.1505258678080934,0.01928129335989972
549,88725000000.0,2.150427543630341,0.01922445033011309
550,88750000000.0,2.150329535097061,0.01916611446143436
551,88775000000.0,2.150231871783392,0.019106279987569127
552,88800000000.0,2.1501345857999,0.019044942822439702
553,88825000000.0,2.15003771171163,0.01898210068267609
554,88850000000.0,2.1499412864298733,0.018917753247965692
555,88875000000.0,2.149845349101335,0.01885190230801449
556,88900000000.0,2.1497499409598047,0.01878455188976429
557,88925000000.0,2.1496551052348907,0.018715708397513943
558,88950000000.0,2.149560886952254,0.018645380709239417
559,88975000000.0,2.1494673328121405,0.018573580297312462
560,89000000000.0,2.149374491022335,0.01850032131422715
561,89025000000.0,2.149282411108392,0.018425620665997188
562,89050000000.0,2.149191143740637,0.018349498112769067
563,89075000000.0,2.1491007405475497,0.018271976305386288
564,89100000000.0,2.149011253925984,0.018193080829753967
565,89125000000.0,2.1489227368426214,0.018112840259737653
566,89150000000.0,2.1488352426199344,0.01803128615537249
567,89175000000.0,2.1487488247489064,0.017948453101115952
568,89200000000.0,2.1486635366628626,0.017864378667795697
569,89225000000.0,2.148579431547088,0.01777910340226434
570,89250000000.0,2.1484965621135617,0.01769267082158345
571,89275000000.0,2.148414980389433,0.017605127331949202
572,89300000000.0,2.148334737541329,0.01751652219463161
573,89325000000.0,2.148255883616587,0.017426907443015754
574,89350000000.0,2.1481784673911224,0.017336337802018778
575,89375000000.0,2.1481025361310904,0.017244870576190303
576,89400000000.0,2.148028135425909,0.017152565581822838
577,89425000000.0,2.147955308992338,0.01705948497455595
578,89450000000.0,2.1478840984699064,0.016965693145204012
579,89475000000.0,2.1478145432888,0.016871256569626954
580,89500000000.0,2.1477466804565393,0.016776243660806402
581,89525000000.0,2.1476805444313665,0.01668072458079372
582,89550000000.0,2.147616166959301,0.01658477110579926
583,89575000000.0,2.147553576945949,0.016488456395687842
584,89600000000.0,2.1474928003007707,0.016391854851370697
585,89625000000.0,2.147433859843667,0.016295041863255273
586,89650000000.0,2.1473767752030737,0.016198093660542052
587,89675000000.0,2.1473215626951925,0.016101087051989097
588,89700000000.0,2.1472682352637094,0.016004099249431806
589,89725000000.0,2.1472168024082348,0.01590720759782133
590,89750000000.0,2.1471672701066584,0.015810489402556818
591,89775000000.0,2.1471196408241187,0.015714021669932347
592,89800000000.0,2.147073913409474,0.015617880881305212
593,89825000000.0,2.1470300831507934,0.01552214277168202
594,89850000000.0,2.1469881417357515,0.015426882088565757
595,89875000000.0,2.1469480772671137,0.015332172363420271
596,89900000000.0,2.1469098743087103,0.015238085683385003
597,89925000000.0,2.1468735139022312,0.015144692483043528
598,89950000000.0,2.146838973637528,0.015052061273522278
599,89975000000.0,2.1468062277162363,0.014960258489100622
600,90000000000.0,2.146775247028029,0.014869348206921347
601,90025000000.0,2.1467459992511184,0.014779391985901388
602,90050000000.0,2.1467184489677282,0.014690448657835703
603,90075000000.0,2.146692557759363,0.014602574102823309
604,90100000000.0,2.146668284364669,0.0145158210991524
605,90125000000.0,2.146645584799056,0.014430239135984076
606,90150000000.0,2.1466244125380065,0.01434587422790027
607,90175000000.0,2.1466047186531307,0.014262768790466937
608,90200000000.0,2.1465864519941253,0.014180961460325709
609,90225000000.0,2.1465695593914207,0.014100486983351656
610,90250000000.0,2.146553985824477,0.014021376094470114
611,90275000000.0,2.1465396746346768,0.013943655385741341
612,90300000000.0,2.14652656772332,0.013867347227674106
613,90325000000.0,2.14651460578837,0.013792469687628936
614,90350000000.0,2.1465037285067385,0.013719036458024048
615,90375000000.0,2.1464938747947677,0.013647056797112214
616,90400000000.0,2.146484983018905,0.013576535486500242
617,90425000000.0,2.1464769912242607,0.0135074728339127
618,90450000000.0,2.146469837386004,0.013439864626460556
619,90475000000.0,2.146463459620174,0.01337370215898182
620,90500000000.0,2.146457796439348,0.01330897225699372
621,90525000000.0,2.1464527869864316,0.013245657301515208
622,90550000000.0,2.146448371253729,0.013183735295555046
623,90575000000.0,2.1464444903357016,0.013123179921893552
624,90600000000.0,2.1464410866526316,0.013063960637632202
625,90625000000.0,2.146438104163176,0.01300604275458414
626,90650000000.0,2.14643548860398,0.012949387581127616
627,90675000000.0,2.1464331876920464,0.012893952520794323
628,90700000000.0,2.146431151354101,0.01283969124041084
629,90725000000.0,2.1464293318993173,0.01278655381403909
630,90750000000.0,2.146427684241223,0.0127344868925453
631,90775000000.0,2.146426166071432,0.012683433901709888
632,90800000000.0,2.146424738026996,0.012633335228523664
633,90825000000.0,2.1464233638861523,0.012584128424664696
634,90850000000.0,2.146422010695126,0.012535748439320106
635,90875000000.0,2.146420648919971,0.01248812785398231
636,90900000000.0,2.146419252594343,0.012441197102523902
637,90925000000.0,2.146417799416126,0.012394884743779415
638,90950000000.0,2.1464162708691856,0.012349117714754176
639,90975000000.0,2.1464146523202925,0.012303821591439916
640,91000000000.0,2.146412933070782,0.012258920871492005
641,91025000000.0,2.146411106455839,0.012214339258857362
642,91050000000.0,2.14640916988533,0.012169999941519896
643,91075000000.0,2.1464071248572756,0.012125825875933824
644,91100000000.0,2.1464049769928866,0.012081740105725745
645,91125000000.0,2.1464027360474858,0.012037666021040042
646,91150000000.0,2.1464004158930634,0.011993527696405677
647,91175000000.0,2.1463980344754674,0.011949250165008769
648,91200000000.0,2.1463956137941103,0.011904759710905157
649,91225000000.0,2.146393179831329,0.011859984181600437
650,91250000000.0,2.1463907624748813,0.01181485327296963
651,91275000000.0,2.14638839543542,0.011769298821873496
652,91300000000.0,2.14638611613005,0.011723255082287906
653,91325000000.0,2.1463839655738903,0.011676659024613914
654,91350000000.0,2.1463819882322936,0.011629450574485256
655,91375000000.0,2.1463802318882137,0.011581572916343402
656,91400000000.0,2.146378747455666,0.011532972725221793
657,91425000000.0,2.1463775888177863,0.01148360041449784
658,91450000000.0,2.146376812623858,0.01143341039014155
659,91475000000.0,2.146376478109025,0.01138236124538083
660,91500000000.0,2.146376646847598,0.011330416003004506
661,91525000000.0,2.1463773825451624,0.0112775422989333
662,91550000000.0,2.146378750819118,0.011223712563755095
663,91575000000.0,2.1463808189150533,0.0111689042164491
664,91600000000.0,2.1463836554663263,0.011113099798543996
665,91625000000.0,2.146387330244775,0.011056287116583716
666,91650000000.0,2.146391913875191,0.010998459375020626
667,91675000000.0,2.146397477565808,0.010939615285499044
668,91700000000.0,2.1464040928233774,0.010879759140997664
669,91725000000.0,2.1464118311608837,0.010818900896039424
670,91750000000.0,2.1464207638124932,0.010757056223579321
671,91775000000.0,2.146430961443958,0.010694246547224956
672,91800000000.0,2.1464424938567244,0.010630499052155379
673,91825000000.0,2.146455429688888,0.010565846684707152
674,91850000000.0,2.1464698361240213,0.010500328134219777
675,91875000000.0,2.146485778597921,0.010433987792368874
676,91900000000.0,2.1465033205077635,0.010366875680483023
677,91925000000.0,2.1465225229322025,0.010299047393367929
678,91950000000.0,2.1465434443362565,0.0102305639628018
679,91975000000.0,2.146566140310417,0.010161491797586112
680,92000000000.0,2.1465906632834133,0.010091902490089608
681,92025000000.0,2.1466170622830107,0.010021872694144823
682,92050000000.0,2.146645382645835,0.009951483962630887
683,92075000000.0,2.146675665815774,0.009880822527598254
684,92100000000.0,2.1467079490779537,0.009809979126232478
685,92125000000.0,2.146742265356123,0.00973904875365383
686,92150000000.0,2.146778642976085,0.009668130464222324
687,92175000000.0,2.1468171054908805,0.00959732707531412
688,92200000000.0,2.146857671483081,0.009526744928880029
689,92225000000.0,2.1469003543925758,0.009456493606432392
690,92250000000.0,2.1469451623647395,0.00938668565034203
691,92275000000.0,2.1469920981083908,0.009317436235448458
692,92300000000.0,2.147041158763934,0.009248862886004659
693,92325000000.0,2.1470923357909286,0.009181085119683527
694,92350000000.0,2.1471456148930232,0.009114224145059798
695,92375000000.0,2.147200975919326,0.009048402510127515
696,92400000000.0,2.1472583928143623,0.008983743742245762
697,92425000000.0,2.1473178335813827,0.008920372022426121
698,92450000000.0,2.14737926025286,0.00885841180071424
699,92475000000.0,2.147442628880966,0.008797987456533407
700,92500000000.0,2.1475078895690425,0.008739222918736963
701,92525000000.0,2.1475749864817244,0.008682241307857297
702,92550000000.0,2.1476438578912007,0.00862716457494923
703,92575000000.0,2.147714436265073,0.008574113123060617
704,92600000000.0,2.147786648336462,0.008523205440339436
705,92625000000.0,2.1478604152091543,0.008474557766784952
706,92650000000.0,2.1479356524706694,0.008428283701674819
707,92675000000.0,2.1480122703402524,0.008384493870978357
708,92700000000.0,2.1480901738165032,0.008343295581453688
709,92725000000.0,2.1481692628477878,0.008304792451850862
710,92750000000.0,2.148249432515685,0.008269084128063143
711,92775000000.0,2.1483305732574807,0.008236265915773916
712,92800000000.0,2.14841257103798,0.008206428493278056
713,92825000000.0,2.148495307629072,0.008179657588329897
714,92850000000.0,2.1485786608227304,0.008156033708504207
715,92875000000.0,2.1486625047108303,0.008135631841075863
716,92900000000.0,2.1487467099356885,0.00811852119025172
717,92925000000.0,2.1488311439867043,0.008104764935578818
718,92950000000.0,2.1489156714970123,0.00809441999272647
719,92975000000.0,2.149000154530555,0.008087536772730693
720,93000000000.0,2.1490844529192814,0.008084159000306327
721,93025000000.0,2.1491684245577525,0.008084323509348934
722,93050000000.0,2.1492519257697245,0.008088060070980665
723,93075000000.0,2.1493348116070803,0.008095391245141461
724,93100000000.0,2.1494169362200584,0.00810633224837458
725,93125000000.0,2.149498153198044,0.008120890825263212
726,93150000000.0,2.149578315927833,0.008139067159857983
727,93175000000.0,2.1496572779323326,0.008160853786542906
728,93200000000.0,2.1497348932609306,0.008186235541626462
729,93225000000.0,2.149811016821721,0.00821518952936528
730,93250000000.0,2.1498855047564995,0.008247685083666845
731,93275000000.0,2.149958214803641,0.008283683794480256
732,93300000000.0,2.150029006657236,0.00832313951589015
733,93325000000.0,2.150097742311457,0.008365998407849701
734,93350000000.0,2.150164286440718,0.008412199007119502
735,93375000000.0,2.150228506725583,0.008461672309832401
736,93400000000.0,2.150290274219844,0.008514341881144017
737,93425000000.0,2.1503494636599267,0.008570123967982736
738,93450000000.0,2.150405953833745,0.008628927652471117
739,93475000000.0,2.1504596278826664,0.00869065502736628
740,93500000000.0,2.1505103736235505,0.008755201346611651
741,93525000000.0,2.15055808385489,0.008822455267639348
742,93550000000.0,2.1506026566408973,0.008892299054237461
743,93575000000.0,2.1506439956294368,0.00896460880347811
744,93600000000.0,2.1506820102785493,0.009039254731596488
745,93625000000.0,2.1507166161619367,0.009116101429364077
746,93650000000.0,2.1507477351726987,0.00919500815511083
747,93675000000.0,2.1507752957800097,0.009275829143903676
748,93700000000.0,2.1507992332463743,0.009358413924194495
749,93725000000.0,2.15081948981358,0.00944260766341858
750,93750000000.0,2.15083601488254,0.00952825149987583
751,93775000000.0,2.1508487652108745,0.009615182923492154
752,93800000000.0,2.1508577050207283,0.009703236120077272
753,93825000000.0,2.150862806153738,0.009792242389112618
754,93850000000.0,2.1508640481833297,0.009882030504315563
755,93875000000.0,2.150861418486407,0.009972427138525669
756,93900000000.0,2.1508549123383838,0.01006325724220075
757,93925000000.0,2.15084453295855,0.010154344505606105
758,93950000000.0,2.150830291525827,0.010245511722607991
759,93975000000.0,2.1508122072157096,0.010336581257121663
760,94000000000.0,2.150790307183893,0.01042737544076942
761,94025000000.0,2.150764626524055,0.0105177170267441
762,94050000000.0,2.150735208223075,0.01060742959849635
763,94075000000.0,2.1507021030982827,0.01069633800848912
764,94100000000.0,2.150665369689728,0.010784268792268384
765,94125000000.0,2.1506250741630244,0.010871050614411288
766,94150000000.0,2.1505812901598733,0.010956514652328749
767,94175000000.0,2.1505340986536665,0.011040495043163505
768,94200000000.0,2.150483587762407,0.011122829272109587
769,94225000000.0,2.150429852575949,0.011203358565637471
770,94250000000.0,2.1503729949154278,0.011281928287950271
771,94275000000.0,2.150313123119213,0.01135838832462587
772,94300000000.0,2.1502503517950844,0.011432593436543818
773,94325000000.0,2.1501848015301883,0.011504403614426563
774,94350000000.0,2.1501165986292534,0.011573684425022223
775,94375000000.0,2.1500458747890927,0.011640307330874459
776,94400000000.0,2.1499727668067097,0.011704150006997396
777,94425000000.0,2.1498974162301825,0.011765096619098154
778,94450000000.0,2.1498199690149757,0.01182303810918398
779,94475000000.0,2.149740575173706,0.011877872439036114
780,94500000000.0,2.149659388404996,0.0119295048446883
781,94525000000.0,2.1495765656914485,0.01197784803213122
782,94550000000.0,2.1494922669422,0.012022822390920456
783,94575000000.0,2.149406654573168,0.01206435614447834
784,94600000000.0,2.1493198931099675,0.012102385534000792
785,94625000000.0,2.1492321487556882,0.012136854914760877
786,94650000000.0,2.1491435890151576,0.012167716876893608
787,94675000000.0,2.1490543822227126,0.01219493233762554
788,94700000000.0,2.1489646971654497,0.01221847058656352
789,94725000000.0,2.148874702628639,0.012238309325198987
790,94750000000.0,2.14878456697463,0.01225443467937525
791,94775000000.0,2.1486944577352545,0.012266841193615593
792,94800000000.0,2.148604541176614,0.012275531800982628
793,94825000000.0,2.1485149818972014,0.01228051773416324
794,94850000000.0,2.148425942398168,0.012281818486217285
795,94875000000.0,2.148337582693581,0.012279461682542629
796,94900000000.0,2.1482500599018013,0.012273482948632569
797,94925000000.0,2.1481635278769846,0.012263925791056252
798,94950000000.0,2.1480781368025155,0.0122508413891992
799,94975000000.0,2.1479940328480245,0.012234288433863757
800,95000000000.0,2.147911357807339,0.01221433289881776
801,95025000000.0,2.1478302487517458,0.01219104782350625
802,95050000000.0,2.1477508377104724,0.012164513053527195
803,95075000000.0,2.147673251342575,0.012134814973102322
804,95100000000.0,2.14759761067798,0.012102046239427462
805,95125000000.0,2.147524030788432,0.01206630545373474
806,95150000000.0,2.1474526205664377,0.012027696877673116
807,95175000000.0,2.147383482468436,0.011986330069624344
808,95200000000.0,2.147316712282114,0.011942319582768843
809,95225000000.0,2.1472523989372303,0.01189578458290824
810,95250000000.0,2.1471906243158845,0.011846848494825712
811,95275000000.0,2.147131463082522,0.011795638629283992
812,95300000000.0,2.1470749825617195,0.011742285803383698
813,95325000000.0,2.147021242591315,0.0116869239531304
814,95350000000.0,2.1469702954473666,0.011629689737035478
815,95375000000.0,2.146922185746502,0.011570722135763337
816,95400000000.0,2.146876950399835,0.011510162055615027
817,95425000000.0,2.1468346185855545,0.011448151925625531
818,95450000000.0,2.146795211729445,0.011384835289486993
819,95475000000.0,2.1467587435050857,0.011320356401401293
820,95500000000.0,2.1467252198984488,0.011254859823713768
821,95525000000.0,2.1466946392191493,0.01118849003119458
822,95550000000.0,2.1466669921941293,0.01112139100978793
823,95575000000.0,2.1466422620712198,0.011053705869984113
824,95600000000.0,2.146620424724988,0.010985576459501349
825,95625000000.0,2.146601448783266,0.010917142985270521
826,95650000000.0,2.14658529579217,0.010848543640857126
827,95675000000.0,2.146571920386192,0.010779914253242982
828,95700000000.0,2.146561270480469,0.010711387927886631
829,95725000000.0,2.146553287474731,0.010643094713764309
830,95750000000.0,2.1465479064771364,0.010575161258801615
831,95775000000.0,2.146545056547419,0.010507710519876628
832,95800000000.0,2.1465446609578964,0.01044086145515338
833,95825000000.0,2.146546637459383,0.010374728713488943
834,95850000000.0,2.1465508985569595,0.010309422395851362
835,95875000000.0,2.146557351820658,0.010245047777204079
836,95900000000.0,2.146565900175864,0.01018170507779469
837,95925000000.0,2.1465764422470497,0.010119489227520763
838,95950000000.0,2.1465888726607125,0.010058489662194579
839,95975000000.0,2.1466030823850533,0.009998790156959272
840,96000000000.0,2.146618959101765,0.009940468614321813
841,96025000000.0,2.1466363875214896,0.009883596948507451
842,96050000000.0,2.1466552497621003,0.009828240925292824
843,96075000000.0,2.146675425706028,0.009774460068998762
844,96100000000.0,2.146696793366857,0.00972230754667098
845,96125000000.0,2.146719229248601,0.009671830100868615
846,96150000000.0,2.14674260873694,0.009623067992446265
847,96175000000.0,2.146766806439944,0.009576054945217877
848,96200000000.0,2.1467916965913547,0.00953081815129658
849,96225000000.0,2.146817153389588,0.009487378262709465
850,96250000000.0,2.1468430513842502,0.009445749384265241
851,96275000000.0,2.146869265823226,0.009405939149761795
852,96300000000.0,2.1468956730278395,0.00936794874950703
853,96325000000.0,2.146922150740876,0.009331773002537909
854,96350000000.0,2.146948578454836,0.009297400474343905
855,96375000000.0,2.1469748377776208,0.00926481355705367
856,96400000000.0,2.147000812756696,0.009233988609100288
857,96425000000.0,2.147026390185512,0.009204896094015477
858,96450000000.0,2.147051459943228,0.009177500744516124
859,96475000000.0,2.1470759152714467,0.009151761727173337
860,96500000000.0,2.1470996530791933,0.00912763283855177
861,96525000000.0,2.1471225742159072,0.009105062715850246
862,96550000000.0,2.147144583740101,0.009083995032242454
863,96575000000.0,2.147165591165791,0.009064368754778528
864,96600000000.0,2.147185510705694,0.00904611836419207
865,96625000000.0,2.1472042614886253,0.009029174130633302
866,96650000000.0,2.1472217677664847,0.009013462370932984
867,96675000000.0,2.1472379591100155,0.00899890571074995
868,96700000000.0,2.1472527705772633,0.008985423389965793
869,96725000000.0,2.1472661428720103,0.008972931553740727
870,96750000000.0,2.147278022486701,0.008961343538907155
871,96775000000.0,2.1472883618186573,0.008950570201223708
872,96800000000.0,2.1472971192809442,0.008940520209760099
873,96825000000.0,2.147304259379988,0.008931100382153131
874,96850000000.0,2.1473097527897433,0.008922215997658783
875,96875000000.0,2.147313576394019,0.00891377112216252
876,96900000000.0,2.147315713321876,0.008905668937647684
877,96925000000.0,2.1473161529514857,0.008897812071128806
878,96950000000.0,2.1473148909090383,0.008890102915622387
879,96975000000.0,2.14731192903566,0.008882443970926846
880,97000000000.0,2.1473072753454656,0.008874738153710749
881,97025000000.0,2.147300943961389,0.008866889118920005
882,97050000000.0,2.1472929550293203,0.008858801602658662
883,97075000000.0,2.147283334623311,0.00885038169585539
884,97100000000.0,2.1472721146232825,0.008841537185500284
885,97125000000.0,2.147259332581107,0.008832177840158032
886,97150000000.0,2.1472450315714258,0.0088222156922521
887,97175000000.0,2.147229260018542,0.008811565349553142
888,97200000000.0,2.147212071516902,0.008800144245518069
889,97225000000.0,2.147193524630021,0.008787872919441287
890,97250000000.0,2.1471736826782157,0.008774675255288366
891,97275000000.0,2.147152613510253,0.00876047873798402
892,97300000000.0,2.147130389263785,0.008745214675327639
893,97325000000.0,2.1471070861135817,0.008728818411820261
894,97350000000.0,2.1470827840057334,0.00871122954100608
895,97375000000.0,2.1470575663861085,0.008692392074488908
896,97400000000.0,2.1470315199134147,0.008672254642333932
897,97425000000.0,2.147004734169077,0.008650770617976155
898,97450000000.0,2.1469773013529903,0.008627898294398353
899,97475000000.0,2.146949315982091,0.008603600975567414
900,97500000000.0,2.1469208745699517,0.008577847112676408
901,97525000000.0,2.1468920753143577,0.008550610369119858
902,97550000000.0,2.14686301777248,0.008521869724161664
903,97575000000.0,2.1468338025385427,0.008491609508606605
904,97600000000.0,2.146804530915305,0.008459819453546659
905,97625000000.0,2.14677530458996,0.00842649470058018
906,97650000000.0,2.1467462253056,0.008391635825253456
907,97675000000.0,2.1467173945362257,0.008355248812346566
908,97700000000.0,2.1466889131671096,0.008317345022007018
909,97725000000.0,2.1466608811727226,0.008277941149838337
910,97750000000.0,2.1466333973040306,0.008237059161761998
911,97775000000.0,2.1466065587791263,0.008194726210030673
912,97800000000.0,2.1465804609811525,0.008150974536945983
913,97825000000.0,2.1465551971639045,0.00810584135980375
914,97850000000.0,2.146530858163881,0.008059368740284113
915,97875000000.0,2.146507532123716,0.008011603460907537
916,97900000000.0,2.146485304224736,0.00796259682774982
917,97925000000.0,2.146464256430189,0.007912404531822863
918,97950000000.0,2.146444467240131,0.007861086455990497
919,97975000000.0,2.146426011459751,0.0078087064725942705
920,98000000000.0,2.14640895997792,0.0077553322284836124
921,98025000000.0,2.1463933795621406,0.007701034936664383
922,98050000000.0,2.146379332666541,0.007645889142223024
923,98075000000.0,2.1463668772535778,0.0075899724785423285
924,98100000000.0,2.1463560666323738,0.007533365413654326
925,98125000000.0,2.146346949314176,0.007476151009058664
926,98150000000.0,2.146339568876129,0.0074184146363128175
927,98175000000.0,2.146333963851749,0.007360243724913761
928,98200000000.0,2.1463301676309827,0.007301727470809784
929,98225000000.0,2.146328208376731,0.007242956572735905
930,98250000000.0,2.14632810896332,0.0071840229285831106
931,98275000000.0,2.1463298869255936,0.007125019384928409
932,98300000000.0,2.1463335544287605,0.0070660393980557954
933,98325000000.0,2.146339118254416,0.007007176805253147
934,98350000000.0,2.1463465798025614,0.0069485254879987505
935,98375000000.0,2.146355935109578,0.006890179119233447
936,98400000000.0,2.1463671748853854,0.006832230856442193
937,98425000000.0,2.146380284562141,0.006774773079899646
938,98450000000.0,2.1463952443635343,0.006717897092182926
939,98475000000.0,2.1464120293886406,0.0066616928781253575
940,98500000000.0,2.146430609707016,0.006606248800231861
941,98525000000.0,2.1464509504731257,0.006551651353776352
942,98550000000.0,2.146473012052717,0.00649798493031502
943,98575000000.0,2.1464967501649603,0.006445331538047715
944,98600000000.0,2.1465221160348755,0.006393770587699954
945,98625000000.0,2.146549056560139,0.006343378647517768
946,98650000000.0,2.146577514492188,0.006294229237401782
947,98675000000.0,2.1466074286223265,0.006246392601711435
948,98700000000.0,2.1466387339856943,0.006199935536394564
949,98725000000.0,2.14667136207187,0.006154921178224218
950,98750000000.0,2.146705241044699,0.006111408835553389
951,98775000000.0,2.146740295970857,0.006069453831656445
952,98800000000.0,2.1467764490584846,0.006029107350752929
953,98825000000.0,2.1468136198991457,0.005990416299722913
954,98850000000.0,2.1468517257198583,0.005953423181669533
955,98875000000.0,2.146890681639185,0.005918165997479906
956,98900000000.0,2.1469304009251746,0.005884678130807492
957,98925000000.0,2.1469707952634582,0.0058529882889666205
958,98950000000.0,2.147011775023455,0.005823120417693836
959,98975000000.0,2.1470532495277213,0.005795093659383979
960,99000000000.0,2.1470951273242345,0.005768922300574687
961,99025000000.0,2.1471373164599146,0.005744615769234831
962,99050000000.0,2.147179724750448,0.0057221786153857255
963,99075000000.0,2.1472222600517927,0.0057016105096024455
964,99100000000.0,2.147264830531304,0.0056829062690936715
965,99125000000.0,2.1473073449325124,0.005666055902365138
966,99150000000.0,2.147349712839925,0.005651044649674723
967,99175000000.0,2.147391844937108,0.005637853039041732
968,99200000000.0,2.1474336532628024,0.005626456979704599
969,99225000000.0,2.1474750514595424,0.005616827836405488
970,99250000000.0,2.14751595501442,0.00560893253874954
971,99275000000.0,2.1475562814969944,0.005602733712512435
972,99300000000.0,2.147595950785989,0.0055981897830559655
973,99325000000.0,2.1476348852886944,0.005595255142810911
974,99350000000.0,2.147673010154063,0.005593880271608221
975,99375000000.0,2.1477102534705352,0.005594011941417975
976,99400000000.0,2.1477465464542957,0.0055955933524825365
977,99425000000.0,2.147781823638604,0.005598564342847777
978,99450000000.0,2.1478160230345025,0.005602861579604635
979,99475000000.0,2.1478490862930792,0.005608418747655429
980,99500000000.0,2.1478809588449383,0.005615166770919364
981,99525000000.0,2.147911590037636,0.005623034035159436
982,99550000000.0,2.147940933256735,0.005631946604696918
983,99575000000.0,2.1479689460200118,0.005641828450849588
984,99600000000.0,2.147995590091246,0.005652601705176104
985,99625000000.0,2.1480208315437976,0.005664186889727388
986,99650000000.0,2.1480446408159524,0.0056765031542035035
987,99675000000.0,2.1480669927896545,0.0056894685411841535
988,99700000000.0,2.1480878668101955,0.005703000233693145
989,99725000000.0,2.1481072467040034,0.005717014787253408
990,99750000000.0,2.148125120795665,0.005731428419496999
991,99775000000.0,2.1481414818860918,0.005746157226260228
992,99800000000.0,2.1481563272587567,0.0057611174578116285
993,99825000000.0,2.148169658614227,0.005776225758708782
994,99850000000.0,2.1481814820347847,0.005791399417167552
995,99875000000.0,2.1481918079234474,0.005806556612891521
996,99900000000.0,2.1482006509093865,0.00582161665258285
997,99925000000.0,2.148208029772929,0.005836500210306954
998,99950000000.0,2.1482139673366816,0.005851129555741856
999,99975000000.0,2.148218490342094,0.005865428774023493
1000,100000000000.0,2.1482216293295577,0.005879323990165077
1001,100025000000.0,2.14822341847898,0.0058927435703891844
1002,100050000000.0,2.1482238954855712,0.005905618329289367
1003,100075000000.0,2.1482231013503603,0.0059178817093222215
1004,100100000000.0,2.1482210802595625,0.0059294699825982785
1005,100125000000.0,2.148217879351196,0.005940322398270093
1006,100150000000.0,2.1482135485466465,0.005950381362786808
1007,100175000000.0,2.148208140341564,0.005959592578952405
1008,100200000000.0,2.14820170960163,0.005967905187061436
1009,100225000000.0,2.148194313323701,0.0059752718832615645
1010,100250000000.0,2.148186010441511,0.005981649048650848
1011,100275000000.0,2.1481768615695263,0.005986996832122536
1012,100300000000.0,2.148166928786746,0.005991279238491387
1013,100325000000.0,2.148156275381318,0.0059944642077199494
1014,100350000000.0,2.1481449656171714,0.0059965236740003106
1015,100375000000.0,2.148133064500443,0.005997433605492817
1016,100400000000.0,2.1481206375042223,0.005997174042500727
1017,100425000000.0,2.14810775035474,0.005995729107456934
1018,100450000000.0,2.148094468758948,0.005993087010429036
1019,100475000000.0,2.14808085817346,0.005989240039730418
1020,100500000000.0,2.1480669835600223,0.005984184535826179
1021,100525000000.0,2.148052909130977,0.005977920851189946
1022,100550000000.0,2.1480386981269683,0.00597045329985111
1023,100575000000.0,2.148024412580523,0.005961790090354651
1024,100600000000.0,2.148010113086387,0.0059519432505729065
1025,100625000000.0,2.147995858575872,0.005940928531754671
1026,100650000000.0,2.147981706103507,0.005928765303291682
1027,100675000000.0,2.1479677106514883,0.005915476432952837
1028,100700000000.0,2.1479539249042703,0.005901088169955784
1029,100725000000.0,2.147940399086972,0.005885630006608304
1030,100750000000.0,2.1479271807683458,0.005869134505127253
1031,100775000000.0,2.1479143146885638,0.00585163717230028
1032,100800000000.0,2.1479018426072116,0.0058331762642839634
1033,100825000000.0,2.1478898031544453,0.005813792614837321
1034,100850000000.0,2.1478782316824607,0.005793529462027571
1035,100875000000.0,2.147867160169393,0.005772432235338715
1036,100900000000.0,2.1478566170700057,0.005750548359887285
1037,100925000000.0,2.147846627255693,0.005727927069543464
1038,100950000000.0,2.147837211890553,0.005704619165824954
1039,100975000000.0,2.1478283884089038,0.005680676823663806
1040,101000000000.0,2.1478201704202773,0.005656153360924434
1041,101025000000.0,2.1478125676720405,0.005631103007292536
1042,101050000000.0,2.1478055860455645,0.005605580703397643
1043,101075000000.0,2.147799227529258,0.0055796418448998755
1044,101100000000.0,2.147793490205251,0.005553342068008743
1045,101125000000.0,2.147788368303525,0.005526737033538833
1046,101150000000.0,2.1477838521886743,0.005499882173105263
1047,101175000000.0,2.14777992845182,0.0054728324813590285
1048,101200000000.0,2.147776579933267,0.005445642299512634
1049,101225000000.0,2.147773785821356,0.005418365058485974
1050,101250000000.0,2.1477715217265505,0.005391053120464597
1051,101275000000.0,2.1477697598093863,0.00536375750805431
1052,101300000000.0,2.147768468860766,0.005336527740921605
1053,101325000000.0,2.147767614467966,0.005309411618412713
1054,101350000000.0,2.1477671591275254,0.005282455017645644
1055,101375000000.0,2.147767062419589,0.005255701723987247
1056,101400000000.0,2.1477672811722286,0.005229193245562296
1057,101425000000.0,2.147767769629579,0.005202968637000448
1058,101450000000.0,2.1477684796543284,0.0051770643493763546
1059,101475000000.0,2.147769360920494,0.005151514063724697
1060,101500000000.0,2.1477703611227774,0.005126348565161275
1061,101525000000.0,2.1477714261858685,0.005101595610611307
1062,101550000000.0,2.147772500508641,0.005077279799118953
1063,101575000000.0,2.14777352718594,0.00505342246797909
1064,101600000000.0,2.147774448240855,0.005030041595068111
1065,101625000000.0,2.1477752048959418,0.00500715172504831
1066,101650000000.0,2.1477757377931983,0.0049847638875825774
1067,101675000000.0,2.147775987280568,0.004962885534194347
1068,101700000000.0,2.147775893637012,0.004941520506105304
1069,101725000000.0,2.1477753973694296,0.004920668983017796
1070,101750000000.0,2.147774439448002,0.00490032748268453
1071,101775000000.0,2.1477729615904044,0.004880488848436749
1072,101800000000.0,2.1477709065071093,0.004861142244967122
1073,101825000000.0,2.1477682181804902,0.004842273185756281
1074,101850000000.0,2.1477648421241318,0.004823863575928128
1075,101875000000.0,2.1477607256278537,0.004805891756615767
1076,101900000000.0,2.1477558180287204,0.004788332544170171
1077,101925000000.0,2.147750070962493,0.004771157334255838
1078,101950000000.0,2.147743438587029,0.004754334182875523
1079,101975000000.0,2.147735877847825,0.004737827880716937
1080,102000000000.0,2.1477273486955517,0.004721600092391153
1081,102025000000.0,2.147717814308354,0.004705609472373344
1082,102050000000.0,2.1477072413117453,0.004689811805358707
1083,102075000000.0,2.1476955999865512,0.004674160132278732
1084,102100000000.0,2.1476828644547243,0.004658604947005211
1085,102125000000.0,2.1476690128659244,0.00464309431942214
1086,102150000000.0,2.1476540275753746,0.004627574127653482
1087,102175000000.0,2.1476378952910102,0.00461198819184094
1088,102200000000.0,2.1476206072301784,0.0045962785210262895
1089,102225000000.0,2.1476021592358423,0.0045803854722648255
1090,102250000000.0,2.1475825519164857,0.0045642480149337035
1091,102275000000.0,2.147561790717292,0.004547803911157033
1092,102300000000.0,2.147539886030236,0.004530989960786324
1093,102325000000.0,2.1475168532550857,0.004513742227786452
1094,102350000000.0,2.1474927128484778,0.004495996297458769
1095,102375000000.0,2.147467490360233,0.004477687489814581
1096,102400000000.0,2.1474412164632524,0.004458751128040853
1097,102425000000.0,2.147413926929205,0.004439122775563699
1098,102450000000.0,2.147385662642592,0.0044187384895229866
1099,102475000000.0,2.1473564695469367,0.0043975350776111035
1100,102500000000.0,2.1473263985886537,0.0043754503409909285
1101,102525000000.0,2.1472955056628638,0.004352423324668514
1102,102550000000.0,2.147263851512577,0.0043283945840614825
1103,102575000000.0,2.1472315016170658,0.004303306408373128
1104,102600000000.0,2.14719852607867,0.004277103076442924
1105,102625000000.0,2.1471649994835658,0.004249731098575034
1106,102650000000.0,2.1471310007318607,0.0042211394494953685
1107,102675000000.0,2.147096612862015,0.0041912797901696615
1108,102700000000.0,2.1470619228658574,0.004160106702295518
1109,102725000000.0,2.147027021474532,0.004127577894490149
1110,102750000000.0,2.1469920029442537,0.0040936544116802346
1111,102775000000.0,2.146956964801157,0.004058300837301227
1112,102800000000.0,2.146922007606999,0.004021485477658712
1113,102825000000.0,2.1468872346821644,0.0039831805434957625
1114,102850000000.0,2.1468527518274563,0.0039433623092124045
1115,102875000000.0,2.1468186670315417,0.003902011275066828
1116,102900000000.0,2.146785090190211,0.003859112315034029
1117,102925000000.0,2.146752132764794,0.003814654803618728
1118,102950000000.0,2.1467199074758985,0.0037686327225140226
1119,102975000000.0,2.1466885279858228,0.0037210447789335203
1120,103000000000.0,2.1466581085414465,0.003671894491540031
1121,103025000000.0,2.146628763654685,0.003621190255030309
1122,103050000000.0,2.1466006077328266,0.0035689454197821
1123,103075000000.0,2.146573754751664,0.0035151783080681807
1124,103100000000.0,2.146548317887905,0.00345991226847228
1125,103125000000.0,2.1465244091712448,0.003403175676276782
1126,103150000000.0,2.1465021391310892,0.003345001930665391
1127,103175000000.0,2.14648161643662,0.003285429439040765
1128,103200000000.0,2.146462947552477,0.0032245015858959765
1129,103225000000.0,2.1464462363925887,0.003162266669928453
1130,103250000000.0,2.1464315839687558,0.003098777847896176
1131,103275000000.0,2.1464190880584355,0.0030340930578248216
1132,103300000000.0,2.146408842872175,0.002968274892919045
1133,103325000000.0,2.146400938732244,0.0029013905283517233
1134,103350000000.0,2.1463954617579386,0.002833511555516641
1135,103375000000.0,2.1463924935576704,0.0027647138674410984
1136,103400000000.0,2.1463921109489625,0.0026950774785639217
1137,103425000000.0,2.1463943856505647,0.002624686371019019
1138,103450000000.0,2.1463993840527382,0.0025536282988312393
1139,103475000000.0,2.1464071669317133,0.002481994587588345
1140,103500000000.0,2.1464177892288605,0.0024098799443623416
1141,103525000000.0,2.1464312998181883,0.002337382192332105
1142,103550000000.0,2.146447741301761,0.002264602089175245
1143,103575000000.0,2.1464671498274317,0.0021916430434079704
1144,103600000000.0,2.1464895549148517,0.0021186108796495107
1145,103625000000.0,2.1465149792917817,0.002045613563943581
1146,103650000000.0,2.1465434387746933,0.001972760933335428
1147,103675000000.0,2.1465749421502545,0.0019001644230519075
1148,103700000000.0,2.1466094910709734,0.0018279367776604704
1149,103725000000.0,2.1466470800086537,0.001756191745334447
1150,103750000000.0,2.146687696166491,0.0016850437955845564
1151,103775000000.0,2.1467313194648536,0.0016146078046218437
1152,103800000000.0,2.146777922540177,0.001544998750574849
1153,103825000000.0,2.1468274707268864,0.0014763314059712176
1154,103850000000.0,2.14687992212427,0.001408720034477907
1155,103875000000.0,2.146935227609444,0.0013422780513859453
1156,103900000000.0,2.146993330937529,0.001277117740496085
1157,103925000000.0,2.1470541688312577,0.0012133499259187257
1158,103950000000.0,2.147117671093606,0.0011510836529496165
1159,103975000000.0,2.1471837607371413,0.0010904259049167454
1160,104000000000.0,2.1472523541441486,0.0010314812695318893
1161,104025000000.0,2.1473233612449802,0.0009743516566184633
1162,104050000000.0,2.1473966856987223,0.000919135989247401
1163,104075000000.0,2.1474722251285927,0.0008659299163082392
1164,104100000000.0,2.1475498713277528,0.0008148255415971332
1165,104125000000.0,2.1476295105233487,0.0007659111203997369
1166,104150000000.0,2.147711023637487,0.000719270809410068
1167,104175000000.0,2.147794286562299,0.0006749844030065238
1168,104200000000.0,2.147879170467082,0.0006331270834562687
1169,104225000000.0,2.1479655420957577,0.0005937691829496411
1170,104250000000.0,2.14805326410464,0.0005569759409751644
1171,104275000000.0,2.1481421953921918,0.0005228073135532215
1172,104300000000.0,2.1482321914458358,0.0004913177519857737
1173,104325000000.0,2.1483231047135134,0.00046255601562806203
1174,104350000000.0,2.1484147849571857,0.0004365649900109768
1175,104375000000.0,2.148507079644423,0.0004133815421390851
1176,104400000000.0,2.148599834333997,0.00039303635719834304
1177,104425000000.0,2.148692893067869,0.00037555381588619827
1178,104450000000.0,2.1487860987564216,0.000360951881679093
1179,104475000000.0,2.1488792936142573,0.00034924199372184626
1180,104500000000.0,2.1489723195424753,0.0003404289961135393
1181,104525000000.0,2.14906501854772,0.00033451107747499236
1182,104550000000.0,2.149157233147456,0.00033147971108264137
1183,104575000000.0,2.1492488067948092,0.00033131964684922284
1184,104600000000.0,2.1493395842751344,0.000334008895254079
1185,104625000000.0,2.1494294121309063,0.00033951873424037366
1186,104650000000.0,2.1495181390454645,0.0003478137514243777
1187,104675000000.0,2.1496056162672708,0.0003588518923784869
1188,104700000000.0,2.149691697987976,0.00037258451647376677
1189,104725000000.0,2.149776241742479,0.0003889565160806323
1190,104750000000.0,2.1498591087845043,0.0004079063895281321
1191,104775000000.0,2.14994016446295,0.0004293663943315156
1192,104800000000.0,2.150019278577424,0.00045326269540361133
1193,104825000000.0,2.1500963257441352,0.0004795155254506538
1194,104850000000.0,2.1501711857141688,0.000508039360827105
1195,104875000000.0,2.150243743716647,0.000538743162302309
1196,104900000000.0,2.1503138907723502,0.0005715305612258952
1197,104925000000.0,2.1503815239714545,0.0006063001272002941
1198,104950000000.0,2.1504465467770633,0.0006429456197842745
1199,104975000000.0,2.1505088692779157,0.0006813562678942166
1200,105000000000.0,2.1505684084399723,0.0007214170650090963
1201,105025000000.0,2.150625088334303,0.0007630090730085664
1202,105050000000.0,2.150678840339046,0.0008060097653880496
1203,105075000000.0,2.150729603335058,0.0008502933443034277
1204,105100000000.0,2.150777323892888,0.0008957311192842637
1205,105125000000.0,2.1508219563745707,0.0009421918493795855
1206,105150000000.0,2.150863463107169,0.0009895421440041109
1207,105175000000.0,2.1509018144623457,0.0010376468370635924
1208,105200000000.0,2.150936988944295,0.0010863693996504824
1209,105225000000.0,2.150968973244864,0.0011355723275627506
1210,105250000000.0,2.1509977622824508,0.0011851175801348298
1211,105275000000.0,2.1510233592097623,0.0012348669862853891
1212,105300000000.0,2.1510457754172645,0.001284682676577021
1213,105325000000.0,2.1510650304744856,0.0013344275140430525
1214,105350000000.0,2.1510811520992403,0.0013839655123102535
1215,105375000000.0,2.1510941760429274,0.0014331622927265953
1216,105400000000.0,2.151104146018076,0.001481885490407521
1217,105425000000.0,2.151111113555131,0.0015300052092612954
1218,105450000000.0,2.151115137856068,0.0015773944194396828
1219,105475000000.0,2.151116285609365,0.0016239294086600785
1220,105500000000.0,2.151114630822104,0.001669490169401732
1221,105525000000.0,2.1511102545725684,0.0017139608236882394
1222,105550000000.0,2.151103244801554,0.0017572300057663668
1223,105575000000.0,2.1510936960363742,0.001799191263346528
1224,105600000000.0,2.1510817091300094,0.0018397434102751296
1225,105625000000.0,2.151067390956497,0.0018787909113866972
1226,105650000000.0,2.151050854106964,0.0019162441877844227
1227,105675000000.0,2.1510322165613878,0.001952019988933495
1228,105700000000.0,2.1510116013474248,0.0019860416609022028
1229,105725000000.0,2.150989136173462,0.0020182394639789987
1230,105750000000.0,2.1509649530681574,0.0020485508207149124
1231,105775000000.0,2.1509391879989432,0.0020769205727290247
1232,105800000000.0,2.15091198046846,0.002103301202477678
1233,105825000000.0,2.150883473126773,0.002127653026561
1234,105850000000.0,2.1508538113387967,0.002149944380912184
1235,105875000000.0,2.1508231427929667,0.00217015176658892
1236,105900000000.0,2.1507916170452632,0.0021882599602541367
1237,105925000000.0,2.1507593851237097,0.0022042621234105
1238,105950000000.0,2.1507265990698983,0.0022181598637508377
1239,105975000000.0,2.1506934115185654,0.0022299632696902035
1240,106000000000.0,2.1506599752580047,0.0022396909327805047
1241,106025000000.0,2.150626442798095,0.0022473699121804912
1242,106050000000.0,2.1505929659447944,0.0022530357020309763
1243,106075000000.0,2.150559695363152,0.0022567321468029296
1244,106100000000.0,2.1505267801497183,0.002258511323114147
1245,106125000000.0,2.150494367435757,0.002258433432553076
1246,106150000000.0,2.150462601954511,0.002256566610632072
1247,106175000000.0,2.1504316256435936,0.0022529867432030995
1248,106200000000.0,2.150401577266021,0.0022477772528191873
1249,106225000000.0,2.150372592012918,0.0022410288368122783
1250,106250000000.0,2.1503448011236315,0.0022328391949341785
1251,106275000000.0,2.1503183315522243,0.0022233127395611773
1252,106300000000.0,2.1502933055992033,0.0022125602577496503
1253,106325000000.0,2.150269840578207,0.002200698556390509
1254,106350000000.0,2.1502480485140767,0.002187850111720373
1255,106375000000.0,2.150228035816512,0.002174142635209439
1256,106400000000.0,2.150209903020623,0.002159708700447371
1257,106425000000.0,2.150193744474576,0.0021446852653719626
1258,106450000000.0,2.1501796481393174,0.002129213254406088
1259,106475000000.0,2.150167695296511,0.0021134370614436337
1260,106500000000.0,2.150157960356307,0.002097504067380337
1261,106525000000.0,2.1501505106606698,0.002081564156458372
1262,106550000000.0,2.15014540627863,0.002065769183520126
1263,106575000000.0,2.1501426998476028,0.0020502724655917463
1264,106600000000.0,2.150142436430666,0.0020352282354023027
1265,106625000000.0,2.150144653375645,0.0020207911222525922
1266,106650000000.0,2.1501493802045326,0.0020071155981908556
1267,106675000000.0,2.150156638518314,0.001994355420128253
1268,106700000000.0,2.150166441915693,0.0019826631041247123
1269,106725000000.0,2.1501787959401018,0.0019721893530977373
1270,106750000000.0,2.150193698027638,0.0019630825341661854
1271,106775000000.0,2.1502111374746997,0.001955488103565866
1272,106800000000.0,2.1502310954432367,0.001949548101706996
1273,106825000000.0,2.1502535449478204,0.0019454006061482407
1274,106850000000.0,2.1502784508832287,0.0019431792003217407
1275,106875000000.0,2.150305770057635,0.0019430124905284887
1276,106900000000.0,2.1503354512435493,0.0019450235814440172
1277,106925000000.0,2.1503674352401494,0.0019493296105244683
1278,106950000000.0,2.1504016549401546,0.0019560412671858194
1279,106975000000.0,2.1504380354252093,0.0019652623521437887
1280,107000000000.0,2.150476494079501,0.001977089345477664
1281,107025000000.0,2.150516940673663,0.001991610987748848
1282,107050000000.0,2.1505592775161397,0.002008907912023809
1283,107075000000.0,2.1506033995672618,0.002029052255298322
1284,107100000000.0,2.1506491945922033,0.0020521073369886285
1285,107125000000.0,2.150696543308089,0.002078127338407128
1286,107150000000.0,2.150745319557448,0.0021071570238964284
1287,107175000000.0,2.1507953904571613,0.002139231471432347
1288,107200000000.0,2.1508466165942424,0.002174375867935961
1289,107225000000.0,2.1508988522017907,0.0022126052984501182
1290,107250000000.0,2.1509519453497754,0.002253924575761452
1291,107275000000.0,2.1510057381389696,0.0022983281257849377
1292,107300000000.0,2.1510600669089386,0.002345799882524786
1293,107325000000.0,2.1511147624404443,0.002396313218794689
1294,107350000000.0,2.1511696501732787,0.002449830931397044
1295,107375000000.0,2.1512245504020866,0.0025063052246097144
1296,107400000000.0,2.151279278529131,0.002565677769651337
1297,107425000000.0,2.1513336452501504,0.0026278797752394226
1298,107450000000.0,2.151387456800689,0.0026928320996418725
1299,107475000000.0,2.1514405151920832,0.002760445394155259
1300,107500000000.0,2.1514926184155576,0.0028306202945803157
1301,107525000000.0,2.151543560683987,0.002903247631414432
1302,107550000000.0,2.151593132683979,0.002978208688175897
1303,107575000000.0,2.1516411217775957,0.0030553754941811105
1304,107600000000.0,2.1516873122623257,0.003134611135650933
1305,107625000000.0,2.1517314855963634,0.003215770125893085
1306,107650000000.0,2.1517734206403993,0.003298698779646365
1307,107675000000.0,2.151812893879066,0.0033832356390778536
1308,107700000000.0,2.151849679680959,0.003469211930990669
1309,107725000000.0,2.1518835505121743,0.0035564520428902546
1310,107750000000.0,2.151914277180959,0.0036447740216811295
1311,107775000000.0,2.1519416290724607,0.0037339901215570725
1312,107800000000.0,2.1519653743793503,0.003823907358202832
1313,107825000000.0,2.151985280329693,0.00391432810688404
1314,107850000000.0,2.152001113429403,0.004005050677172282
1315,107875000000.0,2.1520126396751604,0.004095869979368634
1316,107900000000.0,2.1520196247873833,0.004186578141968071
1317,107925000000.0,2.1520218344453497,0.00427696516972759
1318,107950000000.0,2.1520190344841272,0.004366819647884565
1319,107975000000.0,2.1520109911412173,0.004455929394491117
1320,108000000000.0,2.1519974712555454,0.004544082185435349
1321,108025000000.0,2.151978242492305,0.00463106643802258
1322,108050000000.0,2.1519530735397363,0.004716671926783461
1323,108075000000.0,2.1519217343373285,0.0048006905079582786
1324,108100000000.0,2.151883996246012,0.004882916810864381
1325,108125000000.0,2.15183963229439,0.004963148949112479
1326,108150000000.0,2.151788417322671,0.005041189237959701
1327,108175000000.0,2.151730128222102,0.00511684488985709
1328,108200000000.0,2.1516645440815534,0.005189928679443775
1329,108225000000.0,2.1515914463986325,0.005260259638687658
1330,108250000000.0,2.1515106192360367,0.0053276637040093906
1331,108275000000.0,2.1514218494084743,0.005391974369521515
1332,108300000000.0,2.1513249266378605,0.005453033272105012
1333,108325000000.0,2.151219643716174,0.005510690835102057
1334,108350000000.0,2.1511057966634963,0.005564806801926363
1335,108375000000.0,2.150983184870279,0.005615250797653788
1336,108400000000.0,2.1508516112494163,0.005661902847580292
1337,108425000000.0,2.1507108823572514,0.0057046538365915726
1338,108450000000.0,2.1505608085232057,0.005743405977862116
1339,108475000000.0,2.1504012039802243,0.0057780732186359365
1340,108500000000.0,2.150231886973086,0.0058085816192161395
1341,108525000000.0,2.150052679863833,0.005834869666442341
1342,108550000000.0,2.149863409223811,0.005856888607670104
1343,108575000000.0,2.1496639059387563,0.005874602656111236
1344,108600000000.0,2.149454005274602,0.005887989242533713
1345,108625000000.0,2.1492335469674324,0.005897039138306103
1346,108650000000.0,2.1490023752679743,0.00590175660748747
1347,108675000000.0,2.1487603390210928,0.005902159462403244
1348,108700000000.0,2.1485072917072747,0.005898279080628069
1349,108725000000.0,2.1482430914749653,0.005890160411542326
1350,108750000000.0,2.147967601189707,0.0058778618669165115
1351,108775000000.0,2.147680688429367,0.005861455248171764
1352,108800000000.0,2.1473822255381654,0.005841025538651242
1353,108825000000.0,2.1470720895989523,0.00581667073461123
1354,108850000000.0,2.1467501624388503,0.0057885015592454465
1355,108875000000.0,2.1464163306443615,0.005756641175514109
1356,108900000000.0,2.1460704854993407,0.005721224828224738
1357,108925000000.0,2.145712523004069,0.005682399475681257
1358,108950000000.0,2.1453423438043,0.005640323332613818
1359,108975000000.0,2.1449598531673564,0.005595165412460695
1360,109000000000.0,2.144564960934604,0.005547105027360511
1361,109025000000.0,2.1441575814453984,0.005496331206223743
1362,109050000000.0,2.1437376335041964,0.005443042148373831
1363,109075000000.0,2.1433050402835883,0.00538744458482398
1364,109100000000.0,2.1428597292531317,0.0053297531310224616
1365,109125000000.0,2.142401632117819,0.005270189626607951
1366,109150000000.0,2.1419306846887634,0.005208982415352074
1367,109175000000.0,2.1414468268380515,0.005146365622478805
1368,109200000000.0,2.140950002355924,0.005082578410848704
1369,109225000000.0,2.1404401588846063,0.005017864211697629
1370,109250000000.0,2.139917247786028,0.00495246994636585
1371,109275000000.0,2.1393812240392007,0.004886645221081444
1372,109300000000.0,2.138832046142012,0.004820641518130053
1373,109325000000.0,2.1382696759689908,0.004754711397233325
1374,109350000000.0,2.1376940786748784,0.004689107667480882
1375,109375000000.0,2.13710522256742,0.004624082569033473
1376,109400000000.0,2.1365030789842043,0.004559886936968499
1377,109425000000.0,2.1358876221730907,0.004496769416330464
1378,109450000000.0,2.135258829183923,0.004434975633040232
1379,109475000000.0,2.134616679728921,0.004374747383726494
1380,109500000000.0,2.133961156071534,0.004316321873631977
1381,109525000000.0,2.1332922429057173,0.004259930922119049
1382,109550000000.0,2.1326099272569667,0.0042058002255104645
1383,109575000000.0,2.131914198331984,0.00415414860296111
1384,109600000000.0,2.1312050474498383,0.0041051872935811634
1385,109625000000.0,2.130482467898119,0.004059119263951594
1386,109650000000.0,2.1297464548560168,0.004016138556732074
1387,109675000000.0,2.1289970052837317,0.003976429631594761
1388,109700000000.0,2.128234117813381,0.003940166803082603
1389,109725000000.0,2.127457792690798,0.003907513645499361
1390,109750000000.0,2.126668031663109,0.003878622461162512
1391,109775000000.0,2.1258648379039,0.003853633800664144
1392,109800000000.0,2.125048215957957,0.0038326759956826602
1393,109825000000.0,2.1242181716518966,0.003815864732937398
1394,109850000000.0,2.123374712042392,0.003803302703971633
1395,109875000000.0,2.1225178453665245,0.0037950792458175367
1396,109900000000.0,2.121647580989379,0.003791270061723681
1397,109925000000.0,2.1207639293678664,0.003791936972376547
1398,109950000000.0,2.119866902008984,0.003797127727606717
1399,109975000000.0,2.11895651145565,0.003806875826058675
1400,110000000000.0,2.1180327712676394,0.0038212004312386844
