freq            ,ref_ind         ,kappa           ,alpha           ,epsilon_r       ,epsilon_i       ,ref_ind_S       ,kappa_S         ,alpha_S         ,alpha_max       ,epsilonS_r      ,epsilonS_i      ,delta_N         ,delta_A         ,H_measure_r     ,H_measure_i     ,H_calc_r        ,H_calc_i        ,T_measure       ,T_calc          ,thickness       ,allThicknesses  ,QSnValue        ,QSkValue        ,Num_Thickness   ,N_std           ,delta_K         ,delta_Eps_1     ,delta_Eps_2     ,
+2.94294834e+011,+1.93075854e+000,+1.16427320e-002,+1.43524535e+000,+3.72769298e+000,+4.49586084e-002,+1.93172275e+000,+1.10421824e-002,+1.36215558e+000,+6.29420154e+001,+3.73143085e+000,+4.26608697e-002,+3.21024321e-003,+1.75480968e-001,+5.13066341e-001,+5.82952808e-001,+5.13066341e-001,+5.82952809e-001,+7.76576491e-001,+7.76576491e-001,+2.04200000e-003,+2.04200000e-003,+1.00000000e+000,+1.00000000e+000,+5.10000000e+001,+3.00000000e+000,+1.42251948e-003,+1.24340151e-002,+5.56672266e-003
+3.10644547e+011,+1.93220485e+000,+1.07419075e-002,+1.39776369e+000,+3.73330021e+000,+4.15111317e-002,+1.93279121e+000,+1.07549400e-002,+1.40042833e+000,+6.32420449e+001,+3.73556620e+000,+4.15741070e-002,+3.13778288e-003,+1.95476178e-001,+7.66968745e-001,+1.38481873e-001,+7.66968745e-001,+1.38481873e-001,+7.79370442e-001,+7.79370442e-001,                ,+2.04200000e-003,                ,                ,                ,                ,+1.50120825e-003,+1.21616492e-002,+5.87053755e-003
+3.26994260e+011,+1.93375576e+000,+1.01753653e-002,+1.39373032e+000,+3.73930780e+000,+3.93533425e-002,+1.93377850e+000,+1.05356176e-002,+1.44407346e+000,+6.34780686e+001,+3.73938827e+000,+4.07471013e-002,+3.16992051e-003,+1.86369349e-001,+6.85839089e-001,-3.70450389e-001,+6.85839089e-001,-3.70450389e-001,+7.79492621e-001,+7.79492621e-001,                ,+2.04200000e-003,                ,                ,                ,                ,+1.35970657e-003,+1.22884989e-002,+5.32553681e-003
+3.43343973e+011,+1.93518872e+000,+9.83856202e-003,+1.41497793e+000,+3.74485860e+000,+3.80789485e-002,+1.93464497e+000,+1.03925085e-002,+1.49568101e+000,+6.36477718e+001,+3.74274316e+000,+4.02116288e-002,+3.15452421e-003,+1.86612140e-001,+3.03733964e-001,-7.15846818e-001,+3.03733964e-001,-7.15846818e-001,+7.77618793e-001,+7.77618793e-001,                ,+2.04200000e-003,                ,                ,                ,                ,+1.29664564e-003,+1.22327196e-002,+5.08266477e-003
+3.59693686e+011,+1.93628380e+000,+9.72344411e-003,+1.46501323e+000,+3.74910042e+000,+3.76546947e-002,+1.93536375e+000,+1.03121070e-002,+1.55478159e+000,+6.37761708e+001,+3.74552651e+000,+3.99153563e-002,+3.15186134e-003,+1.78161658e-001,-2.06145633e-001,-7.45538834e-001,-2.06145633e-001,-7.45538834e-001,+7.73514172e-001,+7.73514172e-001,                ,+2.04200000e-003,                ,                ,                ,                ,+1.18165928e-003,+1.22243672e-002,+4.63888574e-003
+3.76043399e+011,+1.93696865e+000,+9.83601190e-003,+1.54933604e+000,+3.75175079e+000,+3.81040933e-002,+1.93592494e+000,+1.02658130e-002,+1.61815635e+000,+6.39020289e+001,+3.74769998e+000,+3.97476870e-002,+3.08890251e-003,+1.90916828e-001,-6.17279642e-001,-4.54902484e-001,-6.17279642e-001,-4.54902484e-001,+7.66792297e-001,+7.66792297e-001,                ,+2.04200000e-003,                ,                ,                ,                ,+1.21120339e-003,+1.19846348e-002,+4.75301790e-003
+3.92393112e+011,+1.93731508e+000,+1.00947288e-002,+1.65922254e+000,+3.75308781e+000,+3.91133405e-002,+1.93633690e+000,+1.02210382e-002,+1.68114645e+000,+6.40465612e+001,+3.74929613e+000,+3.95827469e-002,+3.12055279e-003,+1.70812504e-001,-7.57930265e-001,+1.97809535e-002,-7.57930265e-001,+1.97809536e-002,+7.58188349e-001,+7.58188350e-001,                ,+2.04200000e-003,                ,                ,                ,                ,+1.03850627e-003,+1.21061123e-002,+4.08558660e-003
+4.08742825e+011,+1.93743500e+000,+1.03351238e-002,+1.76951577e+000,+3.75354757e+000,+4.00472613e-002,+1.93662463e+000,+1.01508622e-002,+1.73917080e+000,+6.41977315e+001,+3.75041191e+000,+3.93168194e-002,+3.09130540e-003,+1.84323056e-001,-5.81130699e-001,+4.73607257e-001,-5.81130699e-001,+4.73607257e-001,+7.49677746e-001,+7.49677746e-001,                ,+2.04200000e-003,                ,                ,                ,                ,+1.07582185e-003,+1.19952374e-002,+4.22968500e-003
+4.25092538e+011,+1.93740586e+000,+1.04136965e-002,+1.85428724e+000,+3.75343303e+000,+4.03511135e-002,+1.93682435e+000,+1.00392843e-002,+1.78885605e+000,+6.43255147e+001,+3.75118779e+000,+3.88886605e-002,+3.06484992e-003,+1.96010940e-001,-1.70735054e-001,+7.23339477e-001,-1.70735054e-001,+7.23339477e-001,+7.43216293e-001,+7.43216292e-001,                ,+2.04200000e-003,                ,                ,                ,                ,+1.10003795e-003,+1.18942391e-002,+4.32269839e-003
+4.41442251e+011,+1.93728399e+000,+1.02912776e-002,+1.90296938e+000,+3.75296335e+000,+3.98742546e-002,+1.93697526e+000,+9.88261551e-003,+1.82866839e+000,+6.44087611e+001,+3.75177548e+000,+3.82847634e-002,+3.07491417e-003,+1.80061569e-001,+3.02664675e-001,+6.74773174e-001,+3.02664675e-001,+6.74773174e-001,+7.39543604e-001,+7.39543604e-001,                ,+2.04200000e-003,                ,                ,                ,                ,+9.73101116e-004,+1.19312989e-002,+3.83052196e-003
+4.57791964e+011,+1.93714510e+000,+1.00206529e-002,+1.92155489e+000,+3.75243072e+000,+3.88229173e-002,+1.93711108e+000,+9.68849058e-003,+1.85914579e+000,+6.44461799e+001,+3.75230547e+000,+3.75353649e-002,+3.02485733e-003,+1.97037914e-001,+6.49134800e-001,+3.51426245e-001,+6.49134800e-001,+3.51426245e-001,+7.38157432e-001,+7.38157432e-001,                ,+2.04200000e-003,                ,                ,                ,                ,+1.02681564e-003,+1.17388659e-002,+4.03672451e-003
+4.74141677e+011,+1.93708079e+000,+9.67763659e-003,+1.92205606e+000,+3.75218832e+000,+3.74927278e-002,+1.93725461e+000,+9.47298066e-003,+1.88271223e+000,+6.44465777e+001,+3.75286570e+000,+3.67031510e-002,+3.01688812e-003,+1.93435086e-001,+7.28922846e-001,-1.16204520e-001,+7.28922846e-001,-1.16204520e-001,+7.38127364e-001,+7.38127364e-001,                ,+2.04200000e-003,                ,                ,                ,                ,+9.73280357e-004,+1.17074006e-002,+3.82814157e-003
+4.90491390e+011,+1.93715223e+000,+9.31476303e-003,+1.91377911e+000,+3.75247200e+000,+3.60882280e-002,+1.93741597e+000,+9.25580828e-003,+1.90298296e+000,+6.44150104e+001,+3.75349496e+000,+3.58647015e-002,+3.02307172e-003,+1.90223386e-001,+5.06605448e-001,-5.37672971e-001,+5.06605448e-001,-5.37672971e-001,+7.38743057e-001,+7.38743057e-001,                ,+2.04200000e-003,                ,                ,                ,                ,+9.25216476e-004,+1.17310221e-002,+3.64102029e-003
+5.06841104e+011,+1.93735619e+000,+8.96721803e-003,+1.90378616e+000,+3.75326861e+000,+3.47453908e-002,+1.93759385e+000,+9.05460304e-003,+1.92366926e+000,+6.43507477e+001,+3.75418796e+000,+3.50882864e-002,+3.02142513e-003,+2.03624795e-001,+7.06112292e-002,-7.36093768e-001,+7.06112292e-002,-7.36093768e-001,+7.39472772e-001,+7.39472772e-001,                ,+2.04200000e-003,                ,                ,                ,                ,+9.58450463e-004,+1.17259463e-002,+3.76889106e-003
+5.23190817e+011,+1.93763970e+000,+8.67442514e-003,+1.90103199e+000,+3.75437237e+000,+3.36158211e-002,+1.93777873e+000,+8.88018192e-003,+1.94747161e+000,+6.42551420e+001,+3.75490755e+000,+3.44156553e-002,+3.03134845e-003,+2.11877341e-001,-3.96920941e-001,-6.24123707e-001,-3.96920941e-001,-6.24123707e-001,+7.39646291e-001,+7.39646291e-001,                ,+2.04200000e-003,                ,                ,                ,                ,+9.66129272e-004,+1.17653239e-002,+3.79812736e-003
+5.39540530e+011,+1.93794136e+000,+8.47528104e-003,+1.91543223e+000,+3.75554490e+000,+3.28491954e-002,+1.93795722e+000,+8.73455675e-003,+1.97539571e+000,+6.41362084e+001,+3.75560189e+000,+3.38543946e-002,+3.02823379e-003,+2.21048862e-001,-6.95882289e-001,-2.47311099e-001,-6.95882289e-001,-2.47311099e-001,+7.38522132e-001,+7.38522132e-001,                ,+2.04200000e-003,                ,                ,                ,                ,+9.77406107e-004,+1.17542495e-002,+3.84124300e-003
+5.55890243e+011,+1.93821688e+000,+8.38158772e-003,+1.95165907e+000,+3.75661441e+000,+3.24906695e-002,+1.93811730e+000,+8.61197256e-003,+2.00669260e+000,+6.40038654e+001,+3.75622451e+000,+3.33820261e-002,+3.04259623e-003,+2.08057646e-001,-6.98133176e-001,+2.32278387e-001,-6.98133176e-001,+2.32278387e-001,+7.35760274e-001,+7.35760274e-001,                ,+2.04200000e-003,                ,                ,                ,                ,+8.92905437e-004,+1.18091962e-002,+3.51351647e-003
+5.72239956e+011,+1.93843700e+000,+8.36401931e-003,+2.00484968e+000,+3.75746803e+000,+3.24262489e-002,+1.93825292e+000,+8.50205597e-003,+2.03934780e+000,+6.38626473e+001,+3.75675210e+000,+3.29582696e-002,+3.01394474e-003,+2.23248853e-001,-4.05851915e-001,+6.08881397e-001,-4.05851915e-001,+6.08881397e-001,+7.31746085e-001,+7.31746085e-001,                ,+2.04200000e-003,                ,                ,                ,                ,+9.30726109e-004,+1.16994006e-002,+3.65921465e-003
+5.88589669e+011,+1.93858006e+000,+8.36833513e-003,+2.06319515e+000,+3.75802262e+000,+3.24453752e-002,+1.93836622e+000,+8.39383712e-003,+2.07091528e+000,+6.37111458e+001,+3.75719314e+000,+3.25406606e-002,+3.03853126e-003,+1.93207139e-001,+5.24123554e-002,+7.25489061e-001,+5.24123554e-002,+7.25489061e-001,+7.27379841e-001,+7.27379841e-001,                ,+2.04200000e-003,                ,                ,                ,                ,+7.83107481e-004,+1.17927192e-002,+3.08690805e-003
+6.04939382e+011,+1.93863933e+000,+8.34530446e-003,+2.11467024e+000,+3.75825279e+000,+3.23570708e-002,+1.93846638e+000,+8.27962411e-003,+2.09947951e+000,+6.35484918e+001,+3.75758336e+000,+3.20995460e-002,+3.00689284e-003,+2.15930843e-001,+4.82624658e-001,+5.39081324e-001,+4.82624658e-001,+5.39081324e-001,+7.23557347e-001,+7.23557347e-001,                ,+2.04200000e-003,                ,                ,                ,                ,+8.51556877e-004,+1.16716225e-002,+3.35122064e-003
+6.21289095e+011,+1.93863738e+000,+8.26849032e-003,+2.15183299e+000,+3.75824651e+000,+3.20592088e-002,+1.93856569e+000,+8.15782133e-003,+2.12450169e+000,+6.33802863e+001,+3.75797039e+000,+3.16289451e-002,+3.01979900e-003,+2.02420787e-001,+7.08640379e-001,+1.31923263e-001,+7.08640379e-001,+1.31923263e-001,+7.20815464e-001,+7.20815464e-001,                ,+2.04200000e-003,                ,                ,                ,                ,+7.77270557e-004,+1.17208391e-002,+3.06285003e-003
+6.37638808e+011,+1.93862543e+000,+8.13411647e-003,+2.17256979e+000,+3.75820241e+000,+3.15380101e-002,+1.93867462e+000,+8.03380189e-003,+2.14726191e+000,+6.32183802e+001,+3.75839475e+000,+3.11498557e-002,+3.00714300e-003,+2.16084386e-001,+6.40572702e-001,-3.27179708e-001,+6.40572702e-001,-3.27179708e-001,+7.19291282e-001,+7.19291282e-001,                ,+2.04200000e-003,                ,                ,                ,                ,+8.08461763e-004,+1.16727337e-002,+3.18300619e-003
+6.53988521e+011,+1.93866018e+000,+7.95547096e-003,+2.17933819e+000,+3.75833999e+000,+3.08459095e-002,+1.93879801e+000,+7.91833425e-003,+2.17066656e+000,+6.30760514e+001,+3.75887501e+000,+3.07041013e-002,+3.00744893e-003,+2.15882385e-001,+3.06813273e-001,-6.50018865e-001,+3.06813273e-001,-6.50018865e-001,+7.18789893e-001,+7.18789892e-001,                ,+2.04200000e-003,                ,                ,                ,                ,+7.87513345e-004,+1.16741436e-002,+3.10128658e-003
+6.70338234e+011,+1.93877415e+000,+7.76106165e-003,+2.17923333e+000,+3.75878498e+000,+3.00938914e-002,+1.93893341e+000,+7.82394976e-003,+2.19841260e+000,+6.29633785e+001,+3.75940155e+000,+3.03402351e-002,+2.99074142e-003,+2.31218208e-001,-1.56084545e-001,-7.01632484e-001,-1.56084545e-001,-7.01632484e-001,+7.18784062e-001,+7.18784062e-001,                ,+2.04200000e-003,                ,                ,                ,                ,+8.22884496e-004,+1.16105733e-002,+3.23783530e-003
+6.86687947e+011,+1.93896186e+000,+7.59196260e-003,+2.18374586e+000,+3.75951544e+000,+2.94410518e-002,+1.93907185e+000,+7.76052870e-003,+2.23377741e+000,+6.28850770e+001,+3.75993941e+000,+3.00964455e-002,+2.98503991e-003,+2.28430199e-001,-5.54232188e-001,-4.57131347e-001,-5.54232188e-001,-4.57131347e-001,+7.18430502e-001,+7.18430502e-001,                ,+2.04200000e-003,                ,                ,                ,                ,+7.93605980e-004,+1.15887313e-002,+3.12404901e-003
+7.03037660e+011,+1.93918795e+000,+7.49025326e-003,+2.20578765e+000,+3.76039382e+000,+2.90500178e-002,+1.93920044e+000,+7.73168034e-003,+2.27846122e+000,+6.28398887e+001,+3.76043855e+000,+2.99865558e-002,+2.97895540e-003,+2.26267117e-001,-7.16544400e-001,-1.86737436e-002,-7.16544400e-001,-1.86737435e-002,+7.16787685e-001,+7.16787685e-001,                ,+2.04200000e-003,                ,                ,                ,                ,+7.67809874e-004,+1.15654561e-002,+3.02393915e-003
+7.19387373e+011,+1.93940633e+000,+7.48098540e-003,+2.25429230e+000,+3.76124095e+000,+2.90173409e-002,+1.93930598e+000,+7.73308024e-003,+2.33187082e+000,+6.28207198e+001,+3.76084789e+000,+2.99936175e-002,+2.97775771e-003,+2.23845212e-001,-5.73075224e-001,+4.24576905e-001,-5.73075224e-001,+4.24576905e-001,+7.13218593e-001,+7.13218593e-001,                ,+2.04200000e-003,                ,                ,                ,                ,+7.42327994e-004,+1.15610476e-002,+2.92525672e-003
+7.35737086e+011,+1.93957578e+000,+7.55960200e-003,+2.32975466e+000,+3.76189704e+000,+2.93248418e-002,+1.93937868e+000,+7.75316743e-003,+2.39106274e+000,+6.28162245e+001,+3.76112957e+000,+3.00726553e-002,+2.97662880e-003,+2.27852855e-001,-1.89262814e-001,+6.81944774e-001,-1.89262814e-001,+6.81944774e-001,+7.07721052e-001,+7.07721052e-001,                ,+2.04200000e-003,                ,                ,                ,                ,+7.38826844e-004,+1.15570774e-002,+2.91188667e-003
+7.52086799e+011,+1.93966818e+000,+7.69335424e-003,+2.42366340e+000,+3.76225347e+000,+2.98451089e-002,+1.93941481e+000,+7.77589211e-003,+2.45136145e+000,+6.28140659e+001,+3.76126935e+000,+3.01613607e-002,+2.99263387e-003,+2.07716489e-001,+2.66149456e-001,+6.48458838e-001,+2.66149456e-001,+6.48458838e-001,+7.00952493e-001,+7.00952493e-001,                ,+2.04200000e-003,                ,                ,                ,                ,+6.58891411e-004,+1.16181639e-002,+2.60226832e-003
+7.68436512e+011,+1.93967280e+000,+7.83419125e-003,+2.52168463e+000,+3.76226920e+000,+3.03915354e-002,+1.93941773e+000,+7.78468139e-003,+2.50748299e+000,+6.28042129e+001,+3.76128053e+000,+3.01954982e-002,+2.97499563e-003,+2.31527635e-001,+6.00889375e-001,+3.47163131e-001,+6.00889375e-001,+3.47163131e-001,+6.93967060e-001,+6.93967060e-001,                ,+2.04200000e-003,                ,                ,                ,                ,+7.18796052e-004,+1.15507097e-002,+2.83441040e-003
+7.84786225e+011,+1.93959877e+000,+7.93428327e-003,+2.60824079e+000,+3.76198045e+000,+3.07786522e-002,+1.93939715e+000,+7.76646309e-003,+2.55484063e+000,+6.27803342e+001,+3.76120097e+000,+3.01245127e-002,+3.00259971e-003,+1.84769961e-001,+6.81980234e-001,-8.97875479e-002,+6.81980234e-001,-8.97875479e-002,+6.87865425e-001,+6.87865425e-001,                ,+2.04200000e-003,                ,                ,                ,                ,+5.61682424e-004,+1.16551912e-002,+2.22528974e-003
+8.01135938e+011,+1.93947373e+000,+7.95798665e-003,+2.67053350e+000,+3.76149500e+000,+3.08686120e-002,+1.93936693e+000,+7.71455533e-003,+2.59063527e+000,+6.27392649e+001,+3.76108458e+000,+2.99227070e-002,+2.96516035e-003,+2.38129699e-001,+4.84058503e-001,-4.82577251e-001,+4.84058503e-001,-4.82577252e-001,+6.83515500e-001,+6.83515500e-001,                ,+2.04200000e-003,                ,                ,                ,                ,+7.09117473e-004,+1.15120089e-002,+2.79622775e-003
+8.17485651e+011,+1.93933633e+000,+7.88938090e-003,+2.70154168e+000,+3.76096317e+000,+3.06003260e-002,+1.93934217e+000,+7.62962804e-003,+2.61440379e+000,+6.26800744e+001,+3.76098986e+000,+2.95929189e-002,+2.98804378e-003,+1.98155665e-001,+9.14089846e-002,-6.75209549e-001,+9.14089846e-002,-6.75209549e-001,+6.81368870e-001,+6.81368870e-001,                ,+2.04200000e-003,                ,                ,                ,                ,+5.78278697e-004,+1.15985027e-002,+2.28855586e-003
+8.33835364e+011,+1.93922537e+000,+7.73569626e-003,+2.70189413e+000,+3.76053518e+000,+3.00025168e-002,+1.93933613e+000,+7.51868550e-003,+2.62791546e+000,+6.26035908e+001,+3.76096811e+000,+2.91625169e-002,+2.95671898e-003,+2.42389951e-001,-3.37709120e-001,-5.91776634e-001,-3.37709120e-001,-5.91776634e-001,+6.81356760e-001,+6.81356760e-001,                ,+2.04200000e-003,                ,                ,                ,                ,+6.93497882e-004,+1.14785723e-002,+2.73431228e-003
+8.50185077e+011,+1.93917041e+000,+7.52489513e-003,+2.67980096e+000,+3.76032525e+000,+2.91841079e-002,+1.93935781e+000,+7.39272877e-003,+2.63455586e+000,+6.25117547e+001,+3.76105406e+000,+2.86742925e-002,+2.96069302e-003,+2.25952218e-001,-6.29738279e-001,-2.64169888e-001,-6.29738279e-001,-2.64169888e-001,+6.82902650e-001,+6.82902650e-001,                ,+2.04200000e-003,                ,                ,                ,                ,+6.34036077e-004,+1.14930608e-002,+2.50302084e-003
+8.66534790e+011,+1.93918724e+000,+7.29610115e-003,+2.64828950e+000,+3.76039393e+000,+2.82970126e-002,+1.93941064e+000,+7.26403912e-003,+2.63847716e+000,+6.24062418e+001,+3.76126086e+000,+2.81759095e-002,+2.94816023e-003,+2.38439000e-001,-6.62002629e-001,+1.76404336e-001,-6.62002629e-001,+1.76404336e-001,+6.85102891e-001,+6.85102891e-001,                ,+2.04200000e-003,                ,                ,                ,                ,+6.56450717e-004,+1.14449236e-002,+2.58908611e-003
+8.82884503e+011,+1.93927696e+000,+7.08614452e-003,+2.62061069e+000,+3.76074490e+000,+2.74839936e-002,+1.93949263e+000,+7.14381645e-003,+2.64376801e+000,+6.22871910e+001,+3.76158062e+000,+2.77107587e-002,+2.94892795e-003,+2.37350042e-001,-4.15776158e-001,+5.46940928e-001,-4.15776158e-001,+5.46940928e-001,+6.87032890e-001,+6.87032890e-001,                ,+2.04200000e-003,                ,                ,                ,                ,+6.41351712e-004,+1.14480114e-002,+2.52992704e-003
+8.99234216e+011,+1.93942687e+000,+6.91921591e-003,+2.60626346e+000,+3.76132869e+000,+2.68386264e-002,+1.93959775e+000,+7.04050903e-003,+2.65378689e+000,+6.21533024e+001,+3.76198987e+000,+2.73115110e-002,+2.95528600e-003,+2.35127545e-001,+8.83177431e-003,+6.87967023e-001,+8.83177434e-003,+6.87967023e-001,+6.88023710e-001,+6.88023710e-001,                ,+2.04200000e-003,                ,                ,                ,                ,+6.23794476e-004,+1.14729158e-002,+2.46143416e-003
+9.15583929e+011,+1.93961360e+000,+6.80451741e-003,+2.60966103e+000,+3.76205462e+000,+2.63962690e-002,+1.93971800e+000,+6.95891855e-003,+2.67072441e+000,+6.20032166e+001,+3.76245748e+000,+2.69966791e-002,+2.95357973e-003,+2.42565266e-001,+4.31018402e-001,+5.35949719e-001,+4.31018402e-001,+5.35949719e-001,+6.87763742e-001,+6.87763742e-001,                ,+2.04200000e-003,                ,                ,                ,                ,+6.32035234e-004,+1.14670201e-002,+2.49304768e-003
+9.31933642e+011,+1.93980957e+000,+6.74046021e-003,+2.63125627e+000,+3.76281575e+000,+2.61504185e-002,+1.93984537e+000,+6.90011150e-003,+2.69544366e+000,+6.18367760e+001,+3.76295246e+000,+2.67702987e-002,+2.96492828e-003,+2.21771550e-001,+6.68404259e-001,+1.55375513e-001,+6.68404259e-001,+1.55375514e-001,+6.86225768e-001,+6.86225768e-001,                ,+2.04200000e-003,                ,                ,                ,                ,+5.67716716e-004,+1.15108394e-002,+2.24348196e-003
+9.48283355e+011,+1.93999159e+000,+6.71975900e-003,+2.66919581e+000,+3.76352219e+000,+2.60725518e-002,+1.93997332e+000,+6.86211588e-003,+2.72762923e+000,+6.16552833e+001,+3.76344939e+000,+2.66246435e-002,+2.95961442e-003,+2.26026841e-001,+6.19490553e-001,-2.88916245e-001,+6.19490553e-001,-2.88916245e-001,+6.83550394e-001,+6.83550394e-001,                ,+2.04200000e-003,                ,                ,                ,                ,+5.68633872e-004,+1.14909501e-002,+2.24688751e-003
+9.64633068e+011,+1.94014726e+000,+6.73160323e-003,+2.72000226e+000,+3.76412606e+000,+2.61206031e-002,+1.94009743e+000,+6.84118287e-003,+2.76619318e+000,+6.14613015e+001,+3.76393124e+000,+2.65451226e-002,+2.95691353e-003,+2.23975740e-001,+3.08235450e-001,-6.06120941e-001,+3.08235450e-001,-6.06120941e-001,+6.79993888e-001,+6.79993888e-001,                ,+2.04200000e-003,                ,                ,                ,                ,+5.53923351e-004,+1.14809797e-002,+2.18978812e-003
+9.80982781e+011,+1.94027560e+000,+6.76217866e-003,+2.77866784e+000,+3.76462368e+000,+2.62409805e-002,+1.94021556e+000,+6.83315260e-003,+2.80977578e+000,+6.12587230e+001,+3.76438973e+000,+2.65155780e-002,+2.96051663e-003,+2.14165132e-001,-1.29355112e-001,-6.63422685e-001,-1.29355112e-001,-6.63422685e-001,+6.75915974e-001,+6.75915974e-001,                ,+2.04200000e-003,                ,                ,                ,                ,+5.20832671e-004,+1.14951987e-002,+2.06151463e-003
+9.97332494e+011,+1.94038254e+000,+6.79702510e-003,+2.83953648e+000,+3.76503820e+000,+2.63776577e-002,+1.94032747e+000,+6.83443228e-003,+2.85714035e+000,+6.10525774e+001,+3.76482400e+000,+2.65220734e-002,+2.94487174e-003,+2.47757716e-001,-5.06789709e-001,-4.40866704e-001,-5.06789709e-001,-4.40866704e-001,+6.71713674e-001,+6.71713674e-001,                ,+2.04200000e-003,                ,                ,                ,                ,+5.92649687e-004,+1.14361319e-002,+2.34012199e-003
+1.01368221e+012,+1.94047567e+000,+6.82581015e-003,+2.89830868e+000,+3.76539922e+000,+2.64906370e-002,+1.94043414e+000,+6.84236379e-003,+2.90734885e+000,+6.08474906e+001,+3.76523783e+000,+2.65543126e-002,+2.95366494e-003,+2.27136408e-001,-6.66704833e-001,-3.61101113e-002,-6.66704833e-001,-3.61101114e-002,+6.67682016e-001,+6.67682016e-001,                ,+2.04200000e-003,                ,                ,                ,                ,+5.34559151e-004,+1.14700999e-002,+2.11497375e-003
+1.03003192e+012,+1.94056181e+000,+6.84603691e-003,+2.95378261e+000,+3.76573326e+000,+2.65703155e-002,+1.94053686e+000,+6.85513445e-003,+2.95975540e+000,+6.06451345e+001,+3.76563630e+000,+2.66052821e-002,+2.93678013e-003,+2.60729686e-001,-5.45093216e-001,+3.78992450e-001,-5.45093216e-001,+3.78992450e-001,+6.63899007e-001,+6.63899007e-001,                ,+2.04200000e-003,                ,                ,                ,                ,+6.03879987e-004,+1.14061395e-002,+2.38396679e-003
+1.04638163e+012,+1.94064703e+000,+6.86203281e-003,+3.00767917e+000,+3.76606381e+000,+2.66335672e-002,+1.94063651e+000,+6.87156598e-003,+3.01394269e+000,+6.04427465e+001,+3.76602286e+000,+2.66704237e-002,+2.93868400e-003,+2.53502043e-001,-1.96064225e-001,+6.30460834e-001,-1.96064225e-001,+6.30460834e-001,+6.60243927e-001,+6.60243927e-001,                ,+2.04200000e-003,                ,                ,                ,                ,+5.77965871e-004,+1.14137780e-002,+2.28363007e-003
+1.06273135e+012,+1.94073634e+000,+6.87974080e-003,+3.06255697e+000,+3.76641022e+000,+2.67035260e-002,+1.94073330e+000,+6.89098798e-003,+3.06968735e+000,+6.02343406e+001,+3.76639826e+000,+2.67471397e-002,+2.93982172e-003,+2.49088459e-001,+2.31615456e-001,+6.14331020e-001,+2.31615456e-001,+6.14331020e-001,+6.56542704e-001,+6.56542704e-001,                ,+2.04200000e-003,                ,                ,                ,                ,+5.59166255e-004,+1.14185262e-002,+2.21090169e-003
+1.07908106e+012,+1.94083169e+000,+6.90181582e-003,+3.11965124e+000,+3.76678000e+000,+2.67905257e-002,+1.94082701e+000,+6.91314799e-003,+3.12693666e+000,+6.00137448e+001,+3.76676168e+000,+2.68344487e-002,+2.93455561e-003,+2.65397366e-001,+5.57201299e-001,+3.39944045e-001,+5.57201299e-001,+3.39944045e-001,+6.52713752e-001,+6.52713752e-001,                ,+2.04200000e-003,                ,                ,                ,                ,+5.86750377e-004,+1.13990421e-002,+2.31813599e-003
+1.09543077e+012,+1.94093006e+000,+6.92699927e-003,+3.17847418e+000,+3.76716150e+000,+2.68896422e-002,+1.94091761e+000,+6.93801861e-003,+3.18573435e+000,+5.97769828e+001,+3.76711303e+000,+2.69322450e-002,+2.95044651e-003,+2.32003386e-001,+6.44513042e-001,-7.43926517e-002,+6.44513042e-001,-7.43926518e-002,+6.48792207e-001,+6.48792207e-001,                ,+2.04200000e-003,                ,                ,                ,                ,+5.05266175e-004,+1.14601583e-002,+2.00230054e-003
+1.11178049e+012,+1.94102476e+000,+6.95339016e-003,+3.23820437e+000,+3.76752876e+000,+2.69934049e-002,+1.94100567e+000,+6.96551873e-003,+3.24609833e+000,+5.95226835e+001,+3.76745450e+000,+2.70402227e-002,+2.93788093e-003,+2.68256734e-001,+4.59507983e-001,-4.52398477e-001,+4.59507983e-001,-4.52398477e-001,+6.44834838e-001,+6.44834838e-001,                ,+2.04200000e-003,                ,                ,                ,                ,+5.75628681e-004,+1.14129062e-002,+2.27552480e-003
+1.12813020e+012,+1.94111019e+000,+6.98151091e-003,+3.29911349e+000,+3.76786004e+000,+2.71037640e-002,+1.94109229e+000,+6.99536690e-003,+3.30794960e+000,+5.92515531e+001,+3.76779032e+000,+2.71573054e-002,+2.96107982e-003,+2.10556223e-001,+8.35959683e-002,-6.35349430e-001,+8.35959684e-002,-6.35349430e-001,+6.40825393e-001,+6.40825393e-001,                ,                ,                ,                ,                ,                ,+4.45266166e-004,+1.15016880e-002,+1.77003312e-003
+1.14447991e+012,+1.94118671e+000,+7.01371132e-003,+3.36236356e+000,+3.76815663e+000,+2.72298463e-002,+1.94117860e+000,+7.02725022e-003,+3.37118630e+000,+5.89664783e+001,+3.76812499e+000,+2.72822955e-002,+2.94209983e-003,+2.72633920e-001,-3.22542878e-001,-5.48944104e-001,-3.22542878e-001,-5.48944104e-001,+6.36689514e-001,+6.36689514e-001,                ,                ,                ,                ,                ,                ,+5.68306407e-004,+1.14302697e-002,+2.24771822e-003
+1.16082962e+012,+1.94126092e+000,+7.05080362e-003,+3.42843335e+000,+3.76844424e+000,+2.73748990e-002,+1.94126540e+000,+7.06119704e-003,+3.43586407e+000,+5.86730373e+001,+3.76846150e+000,+2.74153150e-002,+2.95911182e-003,+2.39441043e-001,-5.87865400e-001,-2.33113599e-001,-5.87865400e-001,-2.33113599e-001,+6.32398354e-001,+6.32398354e-001,                ,                ,                ,                ,                ,                ,+4.92085935e-004,+1.14957922e-002,+1.95232854e-003
+1.17717934e+012,+1.94134082e+000,+7.09013574e-003,+3.49611564e+000,+3.76875392e+000,+2.75287399e-002,+1.94135290e+000,+7.09778690e-003,+3.50231132e+000,+5.83787149e+001,+3.76880070e+000,+2.75586183e-002,+2.94636664e-003,+2.87748864e-001,-6.02713679e-001,+1.76523301e-001,-6.02713679e-001,+1.76523301e-001,+6.28032049e-001,+6.28032049e-001,                ,                ,                ,                ,                ,                ,+5.83152076e-004,+1.14481530e-002,+2.30603331e-003
+1.19352905e+012,+1.94142967e+000,+7.12795608e-003,+3.56358087e+000,+3.76909837e+000,+2.76768509e-002,+1.94144081e+000,+7.13792585e-003,+3.57103566e+000,+5.80902072e+001,+3.76914146e+000,+2.77157210e-002,+2.94659811e-003,+2.99035055e-001,-3.63856910e-001,+5.06577556e-001,-3.63856910e-001,+5.06577556e-001,+6.23708803e-001,+6.23708803e-001,                ,                ,                ,                ,                ,                ,+5.97722973e-004,+1.14498246e-002,+2.36295274e-003
+1.20987876e+012,+1.94152424e+000,+7.16412574e-003,+3.63072757e+000,+3.76946504e+000,+2.78186475e-002,+1.94152834e+000,+7.18230822e-003,+3.64246219e+000,+5.78106232e+001,+3.76948073e+000,+2.78893100e-002,+2.94569023e-003,+3.11627110e-001,+2.51080597e-002,+6.18925821e-001,+2.51080597e-002,+6.18925821e-001,+6.19434893e-001,+6.19434893e-001,                ,                ,                ,                ,                ,                ,+6.14474999e-004,+1.14471089e-002,+2.42835496e-003
+1.22622848e+012,+1.94161867e+000,+7.20390067e-003,+3.70022150e+000,+3.76983118e+000,+2.79744561e-002,+1.94161420e+000,+7.23098204e-003,+3.71670285e+000,+5.75390408e+001,+3.76981341e+000,+2.80795548e-002,+2.94935590e-003,+3.12856082e-001,+3.98144181e-001,+4.68784401e-001,+3.98144181e-001,+4.68784401e-001,+6.15042766e-001,+6.15042766e-001,                ,                ,                ,                ,                ,                ,+6.08673008e-004,+1.14618252e-002,+2.40626979e-003
+1.24257819e+012,+1.94170959e+000,+7.25392833e-003,+3.77559668e+000,+3.77018351e+000,+2.81700444e-002,+1.94169664e+000,+7.28331654e-003,+3.79351733e+000,+5.72727217e+001,+3.77013280e+000,+2.82839825e-002,+2.94970986e-003,+3.25695619e-001,+5.97757443e-001,+1.23169792e-001,+5.97757443e-001,+1.23169792e-001,+6.10315294e-001,+6.10315294e-001,                ,                ,                ,                ,                ,                ,+6.25315262e-004,+1.14639922e-002,+2.47131243e-003
+1.25892790e+012,+1.94179669e+000,+7.31592845e-003,+3.85797064e+000,+3.77052086e+000,+2.84120913e-002,+1.94177399e+000,+7.33827447e-003,+3.87243353e+000,+5.70098072e+001,+3.77043236e+000,+2.84985409e-002,+2.96694608e-003,+2.94169481e-001,+5.42228815e-001,-2.68783974e-001,+5.42228815e-001,-2.68783974e-001,+6.05191633e-001,+6.05191633e-001,                ,                ,                ,                ,                ,                ,+5.57452149e-004,+1.15304589e-002,+2.20843669e-003
+1.27527762e+012,+1.94187899e+000,+7.38457942e-003,+3.94474661e+000,+3.77083947e+000,+2.86799192e-002,+1.94184522e+000,+7.39466092e-003,+3.95286663e+000,+5.67503170e+001,+3.77070816e+000,+2.87185739e-002,+2.95918655e-003,+3.25559457e-001,+2.59462924e-001,-5.40822483e-001,+2.59462924e-001,-5.40822483e-001,+5.99841618e-001,+5.99841618e-001,                ,                ,                ,                ,                ,                ,+6.09026819e-004,+1.15015716e-002,+2.40903599e-003
+1.29162733e+012,+1.94195207e+000,+7.45200097e-003,+4.03179774e+000,+3.77112229e+000,+2.89428573e-002,+1.94191041e+000,+7.45118487e-003,+4.03414705e+000,+5.64954409e+001,+3.77096051e+000,+2.89390669e-002,+2.98423077e-003,+2.62153476e-001,-1.27162311e-001,-5.80764537e-001,-1.27162311e-001,-5.80764537e-001,+5.94523087e-001,+5.94523087e-001,                ,                ,                ,                ,                ,                ,+4.84204959e-004,+1.15974334e-002,+1.92503741e-003
+1.30797704e+012,+1.94201086e+000,+7.51407982e-003,+4.11684517e+000,+3.77134970e+000,+2.91848492e-002,+1.94197060e+000,+7.50648822e-003,+4.11553301e+000,+5.62466841e+001,+3.77119348e+000,+2.91547589e-002,+2.95708108e-003,+3.51421737e-001,-4.53401631e-001,-3.76547966e-001,-4.53401631e-001,-3.76547966e-001,+5.89373744e-001,+5.89373744e-001,                ,                ,                ,                ,                ,                ,+6.40972414e-004,+1.14947520e-002,+2.53389376e-003
+1.32432675e+012,+1.94205552e+000,+7.57186168e-003,+4.20035923e+000,+3.77152232e+000,+2.94099516e-002,+1.94202732e+000,+7.55936360e-003,+4.19632918e+000,+5.60057615e+001,+3.77141297e+000,+2.93609813e-002,+2.98304607e-003,+2.97539589e-001,-5.84070198e-001,-1.84617839e-002,-5.84070198e-001,-1.84617838e-002,+5.84361903e-001,+5.84361903e-001,                ,                ,                ,                ,                ,                ,+5.35994637e-004,+1.15944175e-002,+2.12693232e-003
+1.34067647e+012,+1.94209342e+000,+7.62716560e-003,+4.28327315e+000,+3.77166869e+000,+2.96253363e-002,+1.94208206e+000,+7.60912096e-003,+4.27609786e+000,+5.57745840e+001,+3.77162485e+000,+2.95550747e-002,+2.95697936e-003,+3.88613253e-001,-4.68351746e-001,+3.41151635e-001,-4.68351746e-001,+3.41151635e-001,+5.79428853e-001,+5.79428853e-001,                ,                ,                ,                ,                ,                ,+6.91519547e-004,+1.14959169e-002,+2.73097544e-003
+1.35702618e+012,+1.94213415e+000,+7.67839012e-003,+4.36462574e+000,+3.77182611e+000,+2.98249274e-002,+1.94213613e+000,+7.65580783e-003,+4.35480197e+000,+5.55544879e+001,+3.77183412e+000,+2.97372419e-002,+2.96915691e-003,+3.72154658e-001,-1.58747694e-001,+5.52265762e-001,-1.58747694e-001,+5.52265762e-001,+5.74628838e-001,+5.74628838e-001,                ,                ,                ,                ,                ,                ,+6.54253526e-004,+1.15430315e-002,+2.58676141e-003
+1.37337589e+012,+1.94218255e+000,+7.72185028e-003,+4.44221328e+000,+3.77201342e+000,+2.99944857e-002,+1.94219059e+000,+7.70005725e-003,+4.43274282e+000,+5.53451281e+001,+3.77204499e+000,+2.99099574e-002,+2.96556228e-003,+3.84691620e-001,+2.12495470e-001,+5.29003784e-001,+2.12495470e-001,+5.29003784e-001,+5.70087124e-001,+5.70087123e-001,                ,                ,                ,                ,                ,                ,+6.68242580e-004,+1.15296653e-002,+2.64137890e-003
+1.38972561e+012,+1.94223682e+000,+7.75691145e-003,+4.51550682e+000,+3.77222370e+000,+3.01315181e-002,+1.94224627e+000,+7.74265460e-003,+4.51032780e+000,+5.51442489e+001,+3.77226064e+000,+3.00762841e-002,+2.95472889e-003,+4.14716132e-001,+4.89184887e-001,+2.84359874e-001,+4.89184887e-001,+2.84359874e-001,+5.65828942e-001,+5.65828942e-001,                ,                ,                ,                ,                ,                ,+7.11922483e-004,+1.14886467e-002,+2.81121247e-003
+1.40607532e+012,+1.94229312e+000,+7.78835897e-003,+4.58715225e+000,+3.77244189e+000,+3.02545520e-002,+1.94230359e+000,+7.78413710e-003,+4.58783957e+000,+5.49487045e+001,+3.77248266e+000,+3.02383149e-002,+2.98073628e-003,+3.58940066e-001,+5.56515700e-001,-7.61166523e-002,+5.56515700e-001,-7.61166524e-002,+5.61696954e-001,+5.61696954e-001,                ,                ,                ,                ,                ,                ,+6.09009674e-004,+1.15884708e-002,+2.41216828e-003
+1.42242503e+012,+1.94235056e+000,+7.82277981e-003,+4.66099999e+000,+3.77266451e+000,+3.03891615e-002,+1.94236241e+000,+7.82466761e-003,+4.66535231e+000,+5.47557318e+001,+3.77271051e+000,+3.03966805e-002,+2.96653337e-003,+4.22527822e-001,+3.88968382e-001,-3.99344382e-001,+3.88968382e-001,-3.99344382e-001,+5.57469584e-001,+5.57469584e-001,                ,                ,                ,                ,                ,                ,+7.08658113e-004,+1.15352559e-002,+2.79936604e-003
+1.43877475e+012,+1.94241132e+000,+7.86292083e-003,+4.73876660e+000,+3.77289992e+000,+3.05460529e-002,+1.94242209e+000,+7.86418111e-003,+4.74280724e+000,+5.45633620e+001,+3.77294174e+000,+3.05511183e-002,+3.00497146e-003,+3.46146651e-001,+6.03412279e-002,-5.49750600e-001,+6.03412278e-002,-5.49750600e-001,+5.53052245e-001,+5.53052245e-001,                ,                ,                ,                ,                ,                ,+5.73955427e-004,+1.16828733e-002,+2.27699068e-003
+1.45512446e+012,+1.94247659e+000,+7.90603585e-003,+4.81889573e+000,+3.77315281e+000,+3.07145792e-002,+1.94248184e+000,+7.90262366e-003,+4.82015054e+000,+5.43700064e+001,+3.77317323e+000,+3.07014058e-002,+2.98461057e-003,+4.27458937e-001,-2.88560591e-001,-4.66503711e-001,-2.88560591e-001,-4.66503711e-001,+5.48537079e-001,+5.48537079e-001,                ,                ,                ,                ,                ,                ,+7.00817760e-004,+1.16061802e-002,+2.76982405e-003
+1.47147417e+012,+1.94254387e+000,+7.94730305e-003,+4.89847648e+000,+3.77341353e+000,+3.08759697e-002,+1.94254112e+000,+7.94008637e-003,+4.89741640e+000,+5.41741172e+001,+3.77340295e+000,+3.08478885e-002,+3.01052724e-003,+3.63002864e-001,-5.10475541e-001,-1.88275454e-001,-5.10475541e-001,-1.88275454e-001,+5.44089078e-001,+5.44089078e-001,                ,                ,                ,                ,                ,                ,+5.88529514e-004,+1.17054919e-002,+2.33429325e-003
+1.48782388e+012,+1.94260846e+000,+7.98413169e-003,+4.97585627e+000,+3.77366390e+000,+3.10200836e-002,+1.94260008e+000,+7.97673699e-003,+4.97468928e+000,+5.39743936e+001,+3.77363143e+000,+3.09912198e-002,+2.98773168e-003,+4.29254212e-001,-5.14056018e-001,+1.64709159e-001,-5.14056019e-001,+1.64709159e-001,+5.39798756e-001,+5.39798756e-001,                ,                ,                ,                ,                ,                ,+6.88293833e-004,+1.16189162e-002,+2.72182400e-003
+1.50417360e+012,+1.94266714e+000,+8.01743104e-003,+5.05151683e+000,+3.77389135e+000,+3.11503997e-002,+1.94265958e+000,+8.01260721e-003,+5.05197248e+000,+5.37700628e+001,+3.77386203e+000,+3.11315363e-002,+2.98806146e-003,+4.26269065e-001,-3.01376992e-001,+4.42807815e-001,-3.01376992e-001,+4.42807815e-001,+5.35636866e-001,+5.35636866e-001,                ,                ,                ,                ,                ,                ,+6.76077828e-004,+1.16204067e-002,+2.67466246e-003
+1.52052331e+012,+1.94272045e+000,+8.04993558e-003,+5.12712725e+000,+3.77409796e+000,+3.12775490e-002,+1.94272090e+000,+8.04743767e-003,+5.12908464e+000,+5.35605951e+001,+3.77409975e+000,+3.12678508e-002,+2.98144762e-003,+4.44026275e-001,+3.46689884e-002,+5.30378369e-001,+3.46689883e-002,+5.30378369e-001,+5.31510257e-001,+5.31510257e-001,                ,                ,                ,                ,                ,                ,+6.96668904e-004,+1.15954540e-002,+2.75485252e-003
+1.53687302e+012,+1.94277258e+000,+8.08388138e-003,+5.20411074e+000,+3.77429995e+000,+3.14102862e-002,+1.94278524e+000,+8.08078842e-003,+5.20572095e+000,+5.33449287e+001,+3.77434919e+000,+3.13984729e-002,+2.97209601e-003,+4.70336923e-001,+3.50934129e-001,+3.93617018e-001,+3.50934129e-001,+3.93617018e-001,+5.27341558e-001,+5.27341559e-001,                ,                ,                ,                ,                ,                ,+7.30099288e-004,+1.15600881e-002,+2.88488600e-003
+1.55322274e+012,+1.94282959e+000,+8.11937234e-003,+5.28256447e+000,+3.77452090e+000,+3.15491137e-002,+1.94285323e+000,+8.11241507e-003,+5.28169190e+000,+5.31208899e+001,+3.77461288e+000,+3.15224637e-002,+2.97011507e-003,+4.77674080e-001,+5.14730391e-001,+9.33488500e-002,+5.14730391e-001,+9.33488500e-002,+5.23126546e-001,+5.23126546e-001,                ,                ,                ,                ,                ,                ,+7.33683540e-004,+1.15528992e-002,+2.89906849e-003
+1.56957245e+012,+1.94289663e+000,+8.15386111e-003,+5.36084544e+000,+3.77478082e+000,+3.16842185e-002,+1.94292494e+000,+8.14263524e-003,+5.35717099e+000,+5.28853796e+001,+3.77489101e+000,+3.16410581e-002,+2.98282883e-003,+4.43810138e-001,+4.59200492e-001,-2.41759534e-001,+4.59200492e-001,-2.41759534e-001,+5.18953528e-001,+5.18953528e-001,                ,                ,                ,                ,                ,                ,+6.74569483e-004,+1.16018106e-002,+2.66985192e-003
+1.58592216e+012,+1.94297487e+000,+8.18357868e-003,+5.43642924e+000,+3.77508436e+000,+3.18009754e-002,+1.94300004e+000,+8.17236037e-003,+5.43273521e+000,+5.26353512e+001,+3.77518236e+000,+3.17577930e-002,+2.96541990e-003,+4.95144317e-001,+2.10600785e-001,-4.69920936e-001,+2.10600785e-001,-4.69920936e-001,+5.14954732e-001,+5.14954733e-001,                ,                ,                ,                ,                ,                ,+7.44836189e-004,+1.15357961e-002,+2.94290245e-003
+1.60227188e+012,+1.94306052e+000,+8.20698806e-003,+5.50818630e+000,+3.77541683e+000,+3.18933490e-002,+1.94307806e+000,+8.20274197e-003,+5.50914777e+000,+5.23691724e+001,+3.77548504e+000,+3.18771358e-002,+3.01222069e-003,+3.56221358e-001,-1.23574883e-001,-4.96024520e-001,-1.23574883e-001,-4.96024519e-001,+5.11185950e-001,+5.11185950e-001,                ,                ,                ,                ,                ,                ,+5.30389093e-004,+1.17146611e-002,+2.11059175e-003
+1.61862159e+012,+1.94314770e+000,+8.22755316e-003,+5.57833556e+000,+3.77575531e+000,+3.19747021e-002,+1.94315839e+000,+8.23470550e-003,+5.58705005e+000,+5.20877250e+001,+3.77579673e+000,+3.20026742e-002,+2.97161636e-003,+4.96441618e-001,-4.00655177e-001,-3.11544676e-001,-4.00655177e-001,-3.11544676e-001,+5.07527986e-001,+5.07527986e-001,                ,                ,                ,                ,                ,                ,+7.31701074e-004,+1.15606932e-002,+2.89256294e-003
+1.63497130e+012,+1.94323319e+000,+8.25221774e-003,+5.65157405e+000,+3.77608713e+000,+3.20719668e-002,+1.94324028e+000,+8.26867946e-003,+5.66676824e+000,+5.17945503e+001,+3.77611442e+000,+3.21360620e-002,+3.02721265e-003,+3.20515325e-001,-5.03731545e-001,+2.41222987e-003,-5.03731544e-001,+2.41222981e-003,+5.03737320e-001,+5.03737320e-001,                ,                ,                ,                ,                ,                ,+4.67680761e-004,+1.17729373e-002,+1.86769429e-003
+1.65132101e+012,+1.94331810e+000,+8.28602332e-003,+5.73147323e+000,+3.77641658e+000,+3.22047582e-002,+1.94332287e+000,+8.30458083e-003,+5.74828623e+000,+5.14947677e+001,+3.77643480e+000,+3.22769637e-002,+2.97407274e-003,+5.18810251e-001,-3.91444661e-001,+3.10493309e-001,-3.91444661e-001,+3.10493309e-001,+4.99634884e-001,+4.99634884e-001,                ,                ,                ,                ,                ,                ,+7.49528031e-004,+1.15716162e-002,+2.96254678e-003
+1.66767073e+012,+1.94340465e+000,+8.32815166e-003,+5.81764934e+000,+3.77675227e+000,+3.23699373e-002,+1.94340544e+000,+8.34192617e-003,+5.83130569e+000,+5.11934079e+001,+3.77675511e+000,+3.24234894e-002,+3.02283980e-003,+3.86454197e-001,-1.14925382e-001,+4.81728918e-001,-1.14925382e-001,+4.81728918e-001,+4.95248012e-001,+4.95248012e-001,                ,                ,                ,                ,                ,                ,+5.52838858e-004,+1.17584301e-002,+2.19921270e-003
+1.68402044e+012,+1.94349201e+000,+8.37357590e-003,+5.90672741e+000,+3.77709108e+000,+3.25479557e-002,+1.94348763e+000,+8.37999230e-003,+5.91534582e+000,+5.08943792e+001,+3.77707394e+000,+3.25728227e-002,+2.97252774e-003,+5.69325149e-001,+2.05478942e-001,+4.45665744e-001,+2.05478942e-001,+4.45665744e-001,+4.90754064e-001,+4.90754064e-001,                ,                ,                ,                ,                ,                ,+8.06536171e-004,+1.15676593e-002,+3.18480566e-003
+1.70037015e+012,+1.94357669e+000,+8.41800084e-003,+5.99571592e+000,+3.77741947e+000,+3.27220604e-002,+1.94356952e+000,+8.41805560e-003,+5.99990569e+000,+5.06005971e+001,+3.77739162e+000,+3.27221526e-002,+3.00563121e-003,+5.02431071e-001,+4.32989237e-001,+2.21389743e-001,+4.32989237e-001,+2.21389743e-001,+4.86305560e-001,+4.86305560e-001,                ,                ,                ,                ,                ,                ,+7.04926528e-004,+1.16951746e-002,+2.79075057e-003
+1.71671987e+012,+1.94365668e+000,+8.46018273e-003,+6.08369994e+000,+3.77772970e+000,+3.28873813e-002,+1.94365171e+000,+8.45564572e-003,+6.08464678e+000,+5.03143814e+001,+3.77771047e+000,+3.28696605e-002,+2.98616151e-003,+5.79303565e-001,+4.72975399e-001,-9.25601746e-002,+4.72975399e-001,-9.25601746e-002,+4.81947210e-001,+4.81947211e-001,                ,                ,                ,                ,                ,                ,+8.05040273e-004,+1.16217301e-002,+3.17993565e-003
+1.73306958e+012,+1.94373390e+000,+8.49995960e-003,+6.17051582e+000,+3.77802922e+000,+3.30433192e-002,+1.94373533e+000,+8.49258882e-003,+6.16943308e+000,+5.00368213e+001,+3.77803493e+000,+3.30146900e-002,+2.99002425e-003,+5.82288256e-001,+3.11996735e-001,-3.61719695e-001,+3.11996735e-001,-3.61719695e-001,+4.77685148e-001,+4.77685148e-001,                ,                ,                ,                ,                ,                ,+8.01554157e-004,+1.16372461e-002,+3.16680437e-003
+1.74941929e+012,+1.94381193e+000,+8.53636701e-003,+6.25540740e+000,+3.77833196e+000,+3.31861841e-002,+1.94382189e+000,+8.52873493e-003,+6.25414131e+000,+4.97662689e+001,+3.77837080e+000,+3.31566833e-002,+3.00386828e-003,+5.43754433e-001,+2.16552258e-002,-4.73058410e-001,+2.16552257e-002,-4.73058410e-001,+4.73553807e-001,+4.73553807e-001,                ,                ,                ,                ,                ,                ,+7.41514653e-004,+1.16906182e-002,+2.93398322e-003
+1.76576901e+012,+1.94389306e+000,+8.56926128e-003,+6.33819919e+000,+3.77864680e+000,+3.33154551e-002,+1.94391262e+000,+8.56365739e-003,+6.33843928e+000,+4.94978583e+001,+3.77872292e+000,+3.32940033e-002,+2.99895375e-003,+5.43305414e-001,-2.73052217e-001,-3.82005031e-001,-2.73052217e-001,-3.82005031e-001,+4.69558684e-001,+4.69558684e-001,                ,                ,                ,                ,                ,                ,+7.34042122e-004,+1.16719802e-002,+2.90519151e-003
+1.78211872e+012,+1.94397917e+000,+8.60134431e-003,+6.42083595e+000,+3.77898102e+000,+3.34416683e-002,+1.94400780e+000,+8.59677553e-003,+6.42186808e+000,+4.92255567e+001,+3.77909242e+000,+3.34243973e-002,+3.00704837e-003,+5.02842817e-001,-4.47032026e-001,-1.30190985e-001,-4.47032026e-001,-1.30190985e-001,+4.65604258e-001,+4.65604258e-001,                ,                ,                ,                ,                ,                ,+6.73141642e-004,+1.17030247e-002,+2.66888704e-003
+1.79846843e+012,+1.94407417e+000,+8.63568132e-003,+6.50561017e+000,+3.77934982e+000,+3.35768101e-002,+1.94410656e+000,+8.62793072e-003,+6.50427102e+000,+4.89456613e+001,+3.77947588e+000,+3.35472334e-002,+3.01888532e-003,+4.67200036e-001,-4.27926596e-001,+1.73021507e-001,-4.27926595e-001,+1.73021507e-001,+4.61581643e-001,+4.61581643e-001,                ,                ,                ,                ,                ,                ,+6.19741941e-004,+1.17487637e-002,+2.46178221e-003
+1.81481814e+012,+1.94418204e+000,+8.67062163e-003,+6.59131332e+000,+3.77976861e+000,+3.37145336e-002,+1.94420750e+000,+8.65784644e-003,+6.58615811e+000,+4.86588067e+001,+3.77986786e+000,+3.36653000e-002,+3.00261472e-003,+5.43208059e-001,-2.26477343e-001,+3.97566915e-001,-2.26477343e-001,+3.97566915e-001,+4.57549384e-001,+4.57549384e-001,                ,                ,                ,                ,                ,                ,+7.14075168e-004,+1.16877769e-002,+2.82861295e-003
+1.83116786e+012,+1.94430041e+000,+8.69984247e-003,+6.67310802e+000,+3.78022838e+000,+3.38302145e-002,+1.94430967e+000,+8.68788815e-003,+6.66855195e+000,+4.83688477e+001,+3.78026460e+000,+3.37838898e-002,+3.01597889e-003,+5.04657131e-001,+6.86665696e-002,+4.48506722e-001,+6.86665697e-002,+4.48506722e-001,+4.53732716e-001,+4.53732716e-001,                ,                ,                ,                ,                ,                ,+6.57474777e-004,+1.17394180e-002,+2.60907410e-003
+1.84751757e+012,+1.94441857e+000,+8.72008234e-003,+6.74835270e+000,+3.78068752e+000,+3.39109800e-002,+1.94441302e+000,+8.71924680e-003,+6.75237743e+000,+4.80800576e+001,+3.78066598e+000,+3.39076341e-002,+2.98645195e-003,+5.85903179e-001,+3.29750979e-001,+3.06575530e-001,+3.29750979e-001,+3.06575530e-001,+4.50249113e-001,+4.50249113e-001,                ,                ,                ,                ,                ,                ,+7.56568257e-004,+1.16269855e-002,+2.99424157e-003
+1.86386728e+012,+1.94452559e+000,+8.73786925e-003,+6.82195949e+000,+3.78110340e+000,+3.39820206e-002,+1.94451807e+000,+8.75233274e-003,+6.83798221e+000,+4.77953349e+001,+3.78107391e+000,+3.40381383e-002,+2.99379141e-003,+5.44220265e-001,+4.45444546e-001,+3.56375192e-002,+4.45444546e-001,+3.56375193e-002,+4.46867851e-001,+4.46867851e-001,                ,                ,                ,                ,                ,                ,+6.96579298e-004,+1.16551563e-002,+2.76142738e-003
+1.88021700e+012,+1.94462147e+000,+8.76517711e-003,+6.90330847e+000,+3.78147583e+000,+3.40899032e-002,+1.94462514e+000,+8.78696669e-003,+6.92526052e+000,+4.75161932e+001,+3.78148974e+000,+3.41747127e-002,+2.97230342e-003,+6.10542690e-001,+3.68591929e-001,-2.46033824e-001,+3.68591929e-001,-2.46033824e-001,+4.43162107e-001,+4.43162107e-001,                ,                ,                ,                ,                ,                ,+7.74673857e-004,+1.15736460e-002,+3.06513558e-003
+1.89656671e+012,+1.94471792e+000,+8.80713552e-003,+6.99667033e+000,+3.78185024e+000,+3.42547886e-002,+1.94473420e+000,+8.82307467e-003,+7.01418537e+000,+4.72429496e+001,+3.78191326e+000,+3.43170701e-002,+2.98691737e-003,+5.87418253e-001,+1.35421403e-001,-4.17536066e-001,+1.35421403e-001,-4.17536066e-001,+4.38947973e-001,+4.38947973e-001,                ,                ,                ,                ,                ,                ,+7.38907633e-004,+1.16305596e-002,+2.92666548e-003
+1.91291642e+012,+1.94482642e+000,+8.85598130e-003,+7.09612563e+000,+3.78227138e+000,+3.44466928e-002,+1.94484513e+000,+8.86106804e-003,+7.10511691e+000,+4.69739498e+001,+3.78234405e+000,+3.44668100e-002,+2.99852037e-003,+6.00798936e-001,-1.51468472e-001,-4.07246470e-001,-1.51468472e-001,-4.07246470e-001,+4.34502457e-001,+4.34502457e-001,                ,                ,                ,                ,                ,                ,+7.49279755e-004,+1.16765943e-002,+2.96760634e-003
+1.92926614e+012,+1.94494642e+000,+8.89942982e-003,+7.19188830e+000,+3.78273739e+000,+3.46178284e-002,+1.94495805e+000,+8.90153110e-003,+7.19856642e+000,+4.67050933e+001,+3.78278259e+000,+3.46262092e-002,+2.99830970e-003,+6.67550176e-001,-3.68173957e-001,-2.22653477e-001,-3.68173957e-001,-2.22653477e-001,+4.30263446e-001,+4.30263446e-001,                ,                ,                ,                ,                ,                ,+8.25472505e-004,+1.16778691e-002,+3.26439788e-003
+1.94561585e+012,+1.94506751e+000,+8.93462959e-003,+7.28152353e+000,+3.78320777e+000,+3.47569154e-002,+1.94507310e+000,+8.94467808e-003,+7.29475938e+000,+4.64314906e+001,+3.78322936e+000,+3.47961055e-002,+3.06880808e-003,+4.91802832e-001,-4.22890039e-001,+5.40688777e-002,-4.22890039e-001,+5.40688777e-002,+4.26332533e-001,+4.26332533e-001,                ,                ,                ,                ,                ,                ,+6.03038124e-004,+1.19489001e-002,+2.40080547e-003
+1.96196556e+012,+1.94518274e+000,+8.97106674e-003,+7.37265780e+000,+3.78365542e+000,+3.49007284e-002,+1.94518989e+000,+8.99024175e-003,+7.39353122e+000,+4.61504238e+001,+3.78368290e+000,+3.49754548e-002,+3.01282552e-003,+7.18740634e-001,-2.94901302e-001,+3.02377877e-001,-2.94901302e-001,+3.02377877e-001,+4.22373246e-001,+4.22373246e-001,                ,                ,                ,                ,                ,                ,+8.73960204e-004,+1.17367497e-002,+3.45420917e-003
+1.97831528e+012,+1.94529655e+000,+9.01883624e-003,+7.47368199e+000,+3.78409733e+000,+3.50886220e-002,+1.94530748e+000,+9.03781887e-003,+7.49459724e+000,+4.58624685e+001,+3.78413952e+000,+3.51626733e-002,+3.08433493e-003,+4.81293920e-001,-4.26037918e-002,+4.15851541e-001,-4.26037918e-002,+4.15851541e-001,+4.18028213e-001,+4.18028213e-001,                ,                ,                ,                ,                ,                ,+5.80397737e-004,+1.20104507e-002,+2.31385544e-003
+1.99466499e+012,+1.94541744e+000,+9.07680957e-003,+7.58388604e+000,+3.78456664e+000,+3.53163674e-002,+1.94542488e+000,+9.08709922e-003,+7.59773944e+000,+4.55694168e+001,+3.78459537e+000,+3.53565377e-002,+3.02744183e-003,+6.87232463e-001,+2.22862284e-001,+3.48112017e-001,+2.22862284e-001,+3.48112017e-001,+4.13339538e-001,+4.13339538e-001,                ,                ,                ,                ,                ,                ,+8.21948373e-004,+1.17942595e-002,+3.25309895e-003
+2.01101470e+012,+1.94554544e+000,+9.13493817e-003,+7.69501493e+000,+3.78506360e+000,+3.55448745e-002,+1.94554162e+000,+9.13763046e-003,+7.70261156e+000,+4.52717381e+001,+3.78504869e+000,+3.55552807e-002,+3.04858403e-003,+6.35731642e-001,+3.86744842e-001,+1.32041597e-001,+3.86744842e-001,+1.32041597e-001,+4.08664357e-001,+4.08664357e-001,                ,                ,                ,                ,                ,                ,+7.54170293e-004,+1.18760769e-002,+2.99025305e-003
+2.02736441e+012,+1.94567053e+000,+9.18700139e-003,+7.80178918e+000,+3.78554941e+000,+3.57497557e-002,+1.94565780e+000,+9.18849830e-003,+7.80846234e+000,+4.49690706e+001,+3.78549986e+000,+3.57553469e-002,+3.02249995e-003,+7.57050642e-001,+3.80642073e-001,-1.36040729e-001,+3.80642073e-001,-1.36040729e-001,+4.04222052e-001,+4.04222052e-001,                ,                ,                ,                ,                ,                ,+8.90848702e-004,+1.17778723e-002,+3.52211793e-003
+2.04371413e+012,+1.94578453e+000,+9.23703579e-003,+7.90753973e+000,+3.78599211e+000,+3.59465626e-002,+1.94577368e+000,+9.23851912e-003,+7.91428472e+000,+4.46629987e+001,+3.78594986e+000,+3.59521347e-002,+3.03919175e-003,+7.49466488e-001,+2.11076779e-001,-3.39621968e-001,+2.11076779e-001,-3.39621968e-001,+3.99870589e-001,+3.99870589e-001,                ,                ,                ,                ,                ,                ,+8.74868763e-004,+1.18433236e-002,+3.46074849e-003
+2.06006384e+012,+1.94589094e+000,+9.29147214e-003,+8.01777413e+000,+3.78640520e+000,+3.61603828e-002,+1.94588945e+000,+9.28690665e-003,+8.01938235e+000,+4.43577006e+001,+3.78639949e+000,+3.61425872e-002,+3.02297466e-003,+8.07266701e-001,-4.53186684e-002,-3.92779514e-001,-4.53186685e-002,-3.92779514e-001,+3.95385291e-001,+3.95385291e-001,                ,                ,                ,                ,                ,                ,+9.34861336e-004,+1.17821129e-002,+3.69442178e-003
+2.07641355e+012,+1.94600035e+000,+9.34812526e-003,+8.13068222e+000,+3.78682997e+000,+3.63829100e-002,+1.94600552e+000,+9.33370922e-003,+8.12376371e+000,+4.40564277e+001,+3.78685035e+000,+3.63268993e-002,+3.02157545e-003,+7.80460466e-001,-2.76600693e-001,-2.76135045e-001,-2.76600693e-001,-2.76135045e-001,+3.90843328e-001,+3.90843328e-001,                ,                ,                ,                ,                ,                ,+8.96701493e-004,+1.17767441e-002,+3.54637712e-003
+2.09276327e+012,+1.94611749e+000,+9.39732605e-003,+8.23783347e+000,+3.78728496e+000,+3.65766011e-002,+1.94612269e+000,+9.37952830e-003,+8.22792383e+000,+4.37576553e+001,+3.78730554e+000,+3.65074256e-002,+3.02898364e-003,+7.22418620e-001,-3.84143535e-001,-4.33372577e-002,-3.84143535e-001,-4.33372578e-002,+3.86580359e-001,+3.86580359e-001,                ,                ,                ,                ,                ,                ,+8.23530459e-004,+1.18049962e-002,+3.26220350e-003
+2.10911298e+012,+1.94623689e+000,+9.43443168e-003,+8.33497300e+000,+3.78774904e+000,+3.67232780e-002,+1.94624167e+000,+9.42490812e-003,+8.33232365e+000,+4.34561133e+001,+3.78776783e+000,+3.66862979e-002,+3.04343888e-003,+7.00310538e-001,-3.24241185e-001,+2.03393934e-001,-3.24241185e-001,+2.03393934e-001,+3.82755063e-001,+3.82755063e-001,                ,                ,                ,                ,                ,                ,+7.92139475e-004,+1.18614669e-002,+3.14075798e-003
+2.12546269e+012,+1.94635273e+000,+9.46716193e-003,+8.42872533e+000,+3.78819934e+000,+3.68528730e-002,+1.94636225e+000,+9.47020196e-003,+8.43726885e+000,+4.31479666e+001,+3.78823632e+000,+3.68648872e-002,+3.04920788e-003,+7.86674360e-001,-1.25752834e-001,+3.57634294e-001,-1.25752834e-001,+3.57634294e-001,+3.79099015e-001,+3.79099015e-001,                ,                ,                ,                ,                ,                ,+8.82983012e-004,+1.18864503e-002,+3.49496283e-003
+2.14181241e+012,+1.94646883e+000,+9.50730279e-003,+8.52957445e+000,+3.78865051e+000,+3.70113370e-002,+1.94648293e+000,+9.51608642e-003,+8.54336514e+000,+4.28337845e+001,+3.78870523e+000,+3.70457995e-002,+3.12748896e-003,+6.60820681e-001,+1.23176300e-001,+3.54410682e-001,+1.23176301e-001,+3.54410682e-001,+3.75205720e-001,+3.75205720e-001,                ,                ,                ,                ,                ,                ,+7.36059692e-004,+1.21892165e-002,+2.92497816e-003
+2.15816212e+012,+1.94659434e+000,+9.55696601e-003,+8.63958170e+000,+3.78913819e+000,+3.72070719e-002,+1.94660173e+000,+9.56397556e-003,+8.65190384e+000,+4.25156548e+001,+3.78916682e+000,+3.72345027e-002,+3.06282510e-003,+9.60368707e-001,+3.13810325e-001,+1.97907648e-001,+3.13810325e-001,+1.97907648e-001,+3.71004524e-001,+3.71004524e-001,                ,                ,                ,                ,                ,                ,+1.06160945e-003,+1.19445077e-002,+4.19164713e-003
+2.17451183e+012,+1.94672963e+000,+9.60728713e-003,+8.75086844e+000,+3.78966396e+000,+3.74055811e-002,+1.94671740e+000,+9.61554099e-003,+8.76444983e+000,+4.21927226e+001,+3.78961617e+000,+3.74374819e-002,+3.12162837e-003,+8.29200703e-001,+3.64500737e-001,-4.10218359e-002,+3.64500736e-001,-4.10218359e-002,+3.66801824e-001,+3.66801824e-001,                ,                ,                ,                ,                ,                ,+9.09722059e-004,+1.21713515e-002,+3.60197581e-003
+2.19086154e+012,+1.94686099e+000,+9.65196115e-003,+8.85766206e+000,+3.79017454e+000,+3.75820532e-002,+1.94683001e+000,+9.67149423e-003,+8.88173212e+000,+4.18618048e+001,+3.79005355e+000,+3.76575104e-002,+3.07174836e-003,+9.64888535e-001,+2.56233666e-001,-2.56861697e-001,+2.56233666e-001,-2.56861697e-001,+3.62813482e-001,+3.62813482e-001,                ,                ,                ,                ,                ,                ,+1.05068626e-003,+1.19806672e-002,+4.15043187e-003
+2.20721126e+012,+1.94697316e+000,+9.69825505e-003,+8.96656525e+000,+3.79061044e+000,+3.77644846e-002,+1.94694042e+000,+9.73066103e-003,+9.00275451e+000,+4.15226312e+001,+3.79048229e+000,+3.78900345e-002,+3.07016719e-003,+9.58378056e-001,+3.98336533e-002,-3.56574250e-001,+3.98336534e-002,-3.56574250e-001,+3.58792302e-001,+3.58792302e-001,                ,                ,                ,                ,                ,                ,+1.03586652e-003,+1.19750245e-002,+4.09329030e-003
+2.22356097e+012,+1.94706599e+000,+9.76031213e-003,+9.09078440e+000,+3.79097072e+000,+3.80079437e-002,+1.94704912e+000,+9.79020285e-003,+9.12493740e+000,+4.11801991e+001,+3.79090444e+000,+3.81240117e-002,+3.06365347e-003,+1.00439366e+000,-1.88174809e-001,-3.00153001e-001,-1.88174809e-001,-3.00153001e-001,+3.54262025e-001,+3.54262025e-001,                ,                ,                ,                ,                ,                ,+1.07762029e-003,+1.19512679e-002,+4.25634686e-003
+2.23991068e+012,+1.94715532e+000,+9.84171010e-003,+9.23400018e+000,+3.79131696e+000,+3.83266763e-002,+1.94715559e+000,+9.84687461e-003,+9.24524171e+000,+4.08398793e+001,+3.79131792e+000,+3.83467938e-002,+3.08396756e-003,+1.02379923e+000,-3.29151110e-001,-1.16352794e-001,-3.29151110e-001,-1.16352794e-001,+3.49110908e-001,+3.49110908e-001,                ,                ,                ,                ,                ,                ,+1.09042283e-003,+1.20314038e-002,+4.30718068e-003
+2.25626040e+012,+1.94725679e+000,+9.92765474e-003,+9.38262793e+000,+3.79171045e+000,+3.86633862e-002,+1.94725843e+000,+9.89847215e-003,+9.36152382e+000,+4.05007997e+001,+3.79171741e+000,+3.85497666e-002,+3.11440287e-003,+1.02378850e+000,-3.25006654e-001,+1.12246374e-001,-3.25006654e-001,+1.12246374e-001,+3.43843821e-001,+3.43843821e-001,                ,                ,                ,                ,                ,                ,+1.08250987e-003,+1.21505249e-002,+4.27750858e-003
+2.27261011e+012,+1.94737048e+000,+9.99623586e-003,+9.51590369e+000,+3.79215187e+000,+3.89327493e-002,+1.94735636e+000,+9.94464272e-003,+9.47334339e+000,+4.01563883e+001,+3.79209791e+000,+3.87315265e-002,+3.09507820e-003,+1.13063471e+000,-1.81490820e-001,+2.86546655e-001,-1.81490820e-001,+2.86546655e-001,+3.39187121e-001,+3.39187121e-001,                ,                ,                ,                ,                ,                ,+1.18688385e-003,+1.20780467e-002,+4.68413052e-003
+2.28895982e+012,+1.94748224e+000,+1.00365337e-002,+9.62300086e+000,+3.79258634e+000,+3.90919421e-002,+1.94744928e+000,+9.98668135e-003,+9.58183137e+000,+3.98021620e+001,+3.79245895e+000,+3.88971107e-002,+3.19535830e-003,+8.87233975e-001,+3.65075310e-002,+3.33497456e-001,+3.65075310e-002,+3.33497456e-001,+3.35489721e-001,+3.35489721e-001,                ,                ,                ,                ,                ,                ,+9.24721240e-004,+1.24640662e-002,+3.66551747e-003
+2.30530954e+012,+1.94757787e+000,+1.00551765e-002,+9.70973897e+000,+3.79295847e+000,+3.91664786e-002,+1.94753882e+000,+1.00263937e-002,+9.68864768e+000,+3.94412259e+001,+3.79280691e+000,+3.90535820e-002,+3.12081349e-003,+1.13980027e+000,+2.34149580e-001,+2.36106963e-001,+2.34149580e-001,+2.36106963e-001,+3.32524471e-001,+3.32524471e-001,                ,                ,                ,                ,                ,                ,+1.17953369e-003,+1.21794638e-002,+4.65695630e-003
+2.32165925e+012,+1.94765409e+000,+1.00683073e-002,+9.79137194e+000,+3.79325507e+000,+3.92191595e-002,+1.94762794e+000,+1.00646009e-002,+9.79454350e+000,+3.90805935e+001,+3.79315331e+000,+3.92041961e-002,+3.14258390e-003,+1.11100149e+000,+3.27420298e-001,+3.91991942e-002,+3.27420298e-001,+3.91991942e-002,+3.29758440e-001,+3.29758440e-001,                ,                ,                ,                ,                ,                ,+1.14163428e-003,+1.22641486e-002,+4.51021537e-003
+2.33800896e+012,+1.94771868e+000,+1.00903280e-002,+9.88189111e+000,+3.79350623e+000,+3.93062406e-002,+1.94771939e+000,+1.01003457e-002,+9.89854981e+000,+3.87230253e+001,+3.79350879e+000,+3.93452784e-002,+3.16563034e-003,+1.08254429e+000,+2.78502996e-001,-1.70826136e-001,+2.78502996e-001,-1.70826136e-001,+3.26719280e-001,+3.26719279e-001,                ,                ,                ,                ,                ,                ,+1.10461349e-003,+1.23538331e-002,+4.36690214e-003
+2.35435867e+012,+1.94778550e+000,+1.01277660e-002,+9.98791624e+000,+3.79376579e+000,+3.94534314e-002,+1.94781399e+000,+1.01316585e-002,+9.99867221e+000,+3.83647468e+001,+3.79387667e+000,+3.94691723e-002,+3.12794338e-003,+1.24906468e+000,+1.11108444e-001,-3.03496783e-001,+1.11108444e-001,-3.03496783e-001,+3.23195582e-001,+3.23195582e-001,                ,                ,                ,                ,                ,                ,+1.26567774e-003,+1.22109506e-002,+4.99399211e-003
+2.37070839e+012,+1.94786941e+000,+1.01765408e-002,+1.01057122e+001,+3.79409169e+000,+3.96451452e-002,+1.94791036e+000,+1.01574714e-002,+1.00937584e+001,+3.80014787e+001,+3.79425160e+000,+3.95716875e-002,+3.14292231e-003,+1.31304764e+000,-1.00614542e-001,-3.03059391e-001,-1.00614542e-001,-3.03059391e-001,+3.19324726e-001,+3.19324726e-001,                ,                ,                ,                ,                ,                ,+1.32133576e-003,+1.22711047e-002,+5.21153550e-003
+2.38705810e+012,+1.94797869e+000,+1.02211664e-002,+1.02200273e+001,+3.79451649e+000,+3.98212284e-002,+1.94800636e+000,+1.01790008e-002,+1.01849124e+001,+3.76342877e+001,+3.79462515e+000,+3.96575165e-002,+3.18633632e-003,+1.32314999e+000,-2.64677387e-001,-1.71919365e-001,-2.64677387e-001,-1.71919365e-001,+3.15611133e-001,+3.15611133e-001,                ,                ,                ,                ,                ,                ,+1.32238200e-003,+1.24409279e-002,+5.21688451e-003
+2.40340781e+012,+1.94810512e+000,+1.02423770e-002,+1.03113810e+001,+3.79500866e+000,+3.99064541e-002,+1.94810102e+000,+1.01991869e-002,+1.02750083e+001,+3.72677014e+001,+3.79499356e+000,+3.97380930e-002,+3.14238336e-003,+1.52991495e+000,-3.11108447e-001,+3.12350816e-002,-3.11108447e-001,+3.12350815e-002,+3.12672506e-001,+3.12672506e-001,                ,                ,                ,                ,                ,                ,+1.51862539e-003,+1.22743379e-002,+5.98097087e-003
+2.41975753e+012,+1.94822439e+000,+1.02351888e-002,+1.03742406e+001,+3.79547352e+000,+3.98808890e-002,+1.94819511e+000,+1.02206586e-002,+1.03666848e+001,+3.69034501e+001,+3.79535972e+000,+3.98236741e-002,+3.22295906e-003,+1.45324228e+000,-2.21810223e-001,+2.17515034e-001,-2.21810223e-001,+2.17515034e-001,+3.10664714e-001,+3.10664715e-001,                ,                ,                ,                ,                ,                ,+1.43277177e-003,+1.25871939e-002,+5.64851942e-003
+2.43610724e+012,+1.94831587e+000,+1.02199097e-002,+1.04287455e+001,+3.79583027e+000,+3.98232243e-002,+1.94828972e+000,+1.02442738e-002,+1.04608443e+001,+3.65390175e+001,+3.79572787e+000,+3.99176264e-002,+3.24421068e-003,+1.48640778e+000,-3.77029767e-002,+3.06625526e-001,-3.77029767e-002,+3.06625526e-001,+3.08934828e-001,+3.08934827e-001,                ,                ,                ,                ,                ,                ,+1.45563472e-003,+1.26711485e-002,+5.73846548e-003
+2.45245695e+012,+1.94838466e+000,+1.02272808e-002,+1.05063093e+001,+3.79609819e+000,+3.98533542e-002,+1.94838471e+000,+1.02695606e-002,+1.05570460e+001,+3.61729996e+001,+3.79609750e+000,+4.00181096e-002,+3.30173426e-003,+1.40029587e+000,+1.59735812e-001,+2.61576570e-001,+1.59735812e-001,+2.61576570e-001,+3.06492792e-001,+3.06492792e-001,                ,                ,                ,                ,                ,                ,+1.36216355e-003,+1.28940747e-002,+5.37585196e-003
+2.46880667e+012,+1.94845869e+000,+1.02687811e-002,+1.06192682e+001,+3.79638582e+000,+4.00165917e-002,+1.94847876e+000,+1.02960748e-002,+1.06548645e+001,+3.58091584e+001,+3.79646348e+000,+4.01233663e-002,+3.22750851e-003,+1.59564990e+000,+2.84462647e-001,+1.04274342e-001,+2.84462647e-001,+1.04274342e-001,+3.02972170e-001,+3.02972171e-001,                ,                ,                ,                ,                ,                ,+1.54191831e-003,+1.26092150e-002,+6.07525150e-003
+2.48515638e+012,+1.94855938e+000,+1.03241468e-002,+1.07472289e+001,+3.79677708e+000,+4.02344260e-002,+1.94857070e+000,+1.03237088e-002,+1.07542129e+001,+3.54522975e+001,+3.79682118e+000,+4.02329529e-002,+3.42566619e-003,+1.08626113e+000,+2.83587572e-001,-9.48589089e-002,+2.83587573e-001,-9.48589089e-002,+2.99031978e-001,+2.99031978e-001,                ,                ,                ,                ,                ,                ,+1.04277679e-003,+1.33718362e-002,+4.13457976e-003
+2.50150609e+012,+1.94867643e+000,+1.03635656e-002,+1.08592386e+001,+3.79723243e+000,+4.03904722e-002,+1.94866004e+000,+1.03516559e-002,+1.08542683e+001,+3.51003062e+001,+3.79716880e+000,+4.03437164e-002,+3.19282606e-003,+1.73122057e+000,+1.60013623e-001,-2.48573869e-001,+1.60013623e-001,-2.48573869e-001,+2.95623625e-001,+2.95623625e-001,                ,                ,                ,                ,                ,                ,+1.65105552e-003,+1.24776474e-002,+6.50079392e-003
+2.51785580e+012,+1.94877923e+000,+1.03820525e-002,+1.09497117e+001,+3.79763271e+000,+4.04646565e-002,+1.94874590e+000,+1.03779416e-002,+1.09529534e+001,+3.47429809e+001,+3.79750287e+000,+4.04479423e-002,+3.36327410e-003,+1.40029892e+000,-3.00356233e-002,-2.91354505e-001,-3.00356233e-002,-2.91354505e-001,+2.92898594e-001,+2.92898594e-001,                ,                ,                ,                ,                ,                ,+1.32678556e-003,+1.31358718e-002,+5.24094356e-003
+2.53420552e+012,+1.94885443e+000,+1.04017848e-002,+1.10417601e+001,+3.79792541e+000,+4.05431289e-002,+1.94882577e+000,+1.04010329e-002,+1.10486054e+001,+3.43703857e+001,+3.79781369e+000,+4.05396017e-002,+3.28190483e-003,+1.64232569e+000,-2.02932908e-001,-2.07381705e-001,-2.02932908e-001,-2.07381705e-001,+2.90153299e-001,+2.90153299e-001,                ,                ,                ,                ,                ,                ,+1.54606694e-003,+1.28238828e-002,+6.09430056e-003
+2.55055523e+012,+1.94892056e+000,+1.04379722e-002,+1.11516590e+001,+3.79818240e+000,+4.06855574e-002,+1.94889653e+000,+1.04222814e-002,+1.11426038e+001,+3.39813235e+001,+3.79808905e+000,+4.06238961e-002,+3.20357551e-003,+1.81855779e+000,-2.84661153e-001,-3.58555355e-002,-2.84661153e-001,-3.58555355e-002,+2.86910424e-001,+2.86910424e-001,                ,                ,                ,                ,                ,                ,+1.70099569e-003,+1.25223309e-002,+6.69690631e-003
+2.56690494e+012,+1.94899938e+000,+1.04739912e-002,+1.12618724e+001,+3.79848889e+000,+4.08276048e-002,+1.94895730e+000,+1.04463500e-002,+1.12399278e+001,+3.35819912e+001,+3.79832542e+000,+4.07189801e-002,+3.26303102e-003,+1.72731537e+000,-2.42280775e-001,+1.47588476e-001,-2.42280775e-001,+1.47588476e-001,+2.83694082e-001,+2.83694082e-001,                ,                ,                ,                ,                ,                ,+1.60536094e-003,+1.27525566e-002,+6.32573335e-003
+2.58325466e+012,+1.94908023e+000,+1.04819270e-002,+1.13421912e+001,+3.79880389e+000,+4.08602336e-002,+1.94901131e+000,+1.04784611e-002,+1.13462902e+001,+3.31769066e+001,+3.79853529e+000,+4.08452783e-002,+3.27490974e-003,+1.83945735e+000,-9.67192214e-002,+2.64226191e-001,-9.67192214e-002,+2.64226191e-001,+2.81371796e-001,+2.81371796e-001,                ,                ,                ,                ,                ,                ,+1.69876514e-003,+1.28012731e-002,+6.69045698e-003
+2.59960437e+012,+1.94912808e+000,+1.04667025e-002,+1.13973989e+001,+3.79899072e+000,+4.08018876e-002,+1.94906427e+000,+1.05207679e-002,+1.14642028e+001,+3.27640689e+001,+3.79874085e+000,+4.10113058e-002,+3.32040455e-003,+1.99553790e+000,+8.75638055e-002,+2.65731657e-001,+8.75638055e-002,+2.65731657e-001,+2.79786943e-001,+2.79786943e-001,                ,                ,                ,                ,                ,                ,+1.83131714e-003,+1.29818975e-002,+7.20857604e-003
+2.61595408e+012,+1.94913110e+000,+1.04730298e-002,+1.14760139e+001,+3.79900235e+000,+4.08266161e-002,+1.94912036e+000,+1.05713928e-002,+1.15918162e+001,+3.23410005e+001,+3.79895840e+000,+4.12098336e-002,+3.42012755e-003,+2.08004105e+000,+2.30900160e-001,+1.54007453e-001,+2.30900160e-001,+1.54007453e-001,+2.77548518e-001,+2.77548518e-001,                ,                ,                ,                ,                ,                ,+1.89693578e-003,+1.33725870e-002,+7.46702331e-003
+2.63230380e+012,+1.94912584e+000,+1.05404824e-002,+1.16221134e+001,+3.79898043e+000,+4.10894532e-002,+1.94917950e+000,+1.06268182e-002,+1.17254204e+001,+3.19137141e+001,+3.79918781e+000,+4.14271526e-002,+3.53731224e-003,+2.04946308e+000,+2.72665921e-001,-2.05143010e-002,+2.72665921e-001,-2.05143010e-002,+2.73436539e-001,+2.73436539e-001,                ,                ,                ,                ,                ,                ,+1.85744057e-003,+1.38291904e-002,+7.31615094e-003
+2.64865351e+012,+1.94916655e+000,+1.06585022e-002,+1.18252392e+001,+3.79913664e+000,+4.15503918e-002,+1.94923830e+000,+1.06847908e-002,+1.18626122e+001,+3.14956859e+001,+3.79941580e+000,+4.16544071e-002,+3.51562185e-003,+2.15776081e+000,+1.97122420e-001,-1.81299424e-001,+1.97122420e-001,-1.81299424e-001,+2.67818464e-001,+2.67818464e-001,                ,                ,                ,                ,                ,                ,+1.94351990e-003,+1.37471017e-002,+7.65189421e-003
+2.66500322e+012,+1.94926849e+000,+1.07717128e-002,+1.20246131e+001,+3.79953163e+000,+4.19939207e-002,+1.94929280e+000,+1.07448201e-002,+1.20028961e+001,+3.10951821e+001,+3.79962695e+000,+4.18896007e-002,+3.50162582e-003,+2.16433884e+000,+3.96377947e-002,-2.59402808e-001,+3.96377947e-002,-2.59402808e-001,+2.62413741e-001,+2.62413741e-001,                ,                ,                ,                ,                ,                ,+1.93748502e-003,+1.36930238e-002,+7.62869988e-003
+2.68135293e+012,+1.94938650e+000,+1.08368185e-002,+1.21715081e+001,+3.79999030e+000,+4.22502955e-002,+1.94934011e+000,+1.08064884e-002,+1.21458450e+001,+3.07040828e+001,+3.79981008e+000,+4.21310427e-002,+3.59586984e-003,+1.99512355e+000,-1.29768992e-001,-2.23566800e-001,-1.29768992e-001,-2.23566800e-001,+2.58499720e-001,+2.58499720e-001,                ,                ,                ,                ,                ,                ,+1.77511565e-003,+1.40575121e-002,+6.99832571e-003
+2.69770265e+012,+1.94946185e+000,+1.08678006e-002,+1.22807346e+001,+3.80028341e+000,+4.23727252e-002,+1.94937782e+000,+1.08683509e-002,+1.22898588e+001,+3.03018603e+001,+3.79995577e+000,+4.23730445e-002,+3.55128300e-003,+2.24890254e+000,-2.38135886e-001,-9.29347383e-002,-2.38135886e-001,-9.29347384e-002,+2.55627788e-001,+2.55627788e-001,                ,                ,                ,                ,                ,                ,+1.98878299e-003,+1.38888142e-002,+7.83097208e-003
+2.71405236e+012,+1.94948163e+000,+1.09109740e-002,+1.24042454e+001,+3.80035957e+000,+4.25414866e-002,+1.94940463e+000,+1.09280556e-002,+1.24322656e+001,+2.98720100e+001,+3.80005900e+000,+4.26064044e-002,+3.75642960e-003,+2.01550986e+000,-2.41564052e-001,+7.32351215e-002,-2.41564052e-001,+7.32351215e-002,+2.52421422e-001,+2.52421422e-001,                ,                ,                ,                ,                ,                ,+1.77164843e-003,+1.46843239e-002,+6.98942026e-003
+2.73040207e+012,+1.94947870e+000,+1.09868104e-002,+1.25657045e+001,+3.80034649e+000,+4.28371056e-002,+1.94942153e+000,+1.09824505e-002,+1.25694137e+001,+2.94143916e+001,+3.80012369e+000,+4.28188510e-002,+3.57438079e-003,+2.54085237e+000,-1.42770916e-001,+2.03138418e-001,-1.42770916e-001,+2.03138418e-001,+2.48291666e-001,+2.48291666e-001,                ,                ,                ,                ,                ,                ,+2.22005465e-003,+1.39847130e-002,+8.73415559e-003
+2.74675179e+012,+1.94948274e+000,+1.10699437e-002,+1.27365978e+001,+3.80036040e+000,+4.31613282e-002,+1.94943117e+000,+1.10281726e-002,+1.26973219e+001,+2.89415922e+001,+3.80016026e+000,+4.29973268e-002,+3.62825665e-003,+2.42204506e+000,+1.26836780e-002,+2.43664000e-001,+1.26836780e-002,+2.43664000e-001,+2.43993895e-001,+2.43993895e-001,                ,                ,                ,                ,                ,                ,+2.10365076e-003,+1.41924720e-002,+8.28187082e-003
+2.76310150e+012,+1.94948315e+000,+1.11257210e-002,+1.28769679e+001,+3.80036076e+000,+4.33788111e-002,+1.94943640e+000,+1.10623804e-002,+1.28125209e+001,+2.84644977e+001,+3.80017989e+000,+4.31308139e-002,+3.57185503e-003,+2.38132520e+000,+1.57909390e-001,+1.81422952e-001,+1.57909390e-001,+1.81422952e-001,+2.40519569e-001,+2.40519569e-001,                ,                ,                ,                ,                ,                ,+2.05604544e-003,+1.39716979e-002,+8.09528605e-003
+2.77945121e+012,+1.94944784e+000,+1.11589167e-002,+1.29918112e+001,+3.80022235e+000,+4.35074521e-002,+1.94943915e+000,+1.10832665e-002,+1.29126683e+001,+2.79835866e+001,+3.80019015e+000,+4.32123073e-002,+3.48038741e-003,+2.49408259e+000,+2.33227619e-001,+4.59721003e-002,+2.33227619e-001,+4.59721003e-002,+2.37715284e-001,+2.37715284e-001,                ,                ,                ,                ,                ,                ,+2.14073354e-003,+1.36170596e-002,+8.42360767e-003
+2.79580093e+012,+1.94937311e+000,+1.12133666e-002,+1.31320000e+001,+3.79992978e+000,+4.37180706e-002,+1.94944190e+000,+1.11041527e-002,+1.30131019e+001,+2.74943530e+001,+3.80020041e+000,+4.32938010e-002,+3.66580761e-003,+2.45511584e+000,+2.09918799e-001,-1.04154752e-001,+2.09918799e-001,-1.04154752e-001,+2.34337608e-001,+2.34337608e-001,                ,                ,                ,                ,                ,                ,+2.09496409e-003,+1.43390835e-002,+8.24943292e-003
